-- MySQL dump 10.13  Distrib 8.0.21, for Linux (x86_64)
--
-- Host: localhost    Database: goFynd
-- ------------------------------------------------------
-- Server version	8.0.21-0ubuntu0.20.04.3

/*!40101 SET @OLD_CHARACTER_SET_CLIENT=@@CHARACTER_SET_CLIENT */;
/*!40101 SET @OLD_CHARACTER_SET_RESULTS=@@CHARACTER_SET_RESULTS */;
/*!40101 SET @OLD_COLLATION_CONNECTION=@@COLLATION_CONNECTION */;
/*!50503 SET NAMES utf8mb4 */;
/*!40103 SET @OLD_TIME_ZONE=@@TIME_ZONE */;
/*!40103 SET TIME_ZONE='+00:00' */;
/*!40014 SET @OLD_UNIQUE_CHECKS=@@UNIQUE_CHECKS, UNIQUE_CHECKS=0 */;
/*!40014 SET @OLD_FOREIGN_KEY_CHECKS=@@FOREIGN_KEY_CHECKS, FOREIGN_KEY_CHECKS=0 */;
/*!40101 SET @OLD_SQL_MODE=@@SQL_MODE, SQL_MODE='NO_AUTO_VALUE_ON_ZERO' */;
/*!40111 SET @OLD_SQL_NOTES=@@SQL_NOTES, SQL_NOTES=0 */;

--
-- Table structure for table `auth_group`
--

DROP TABLE IF EXISTS `auth_group`;
/*!40101 SET @saved_cs_client     = @@character_set_client */;
/*!50503 SET character_set_client = utf8mb4 */;
CREATE TABLE `auth_group` (
  `id` int NOT NULL AUTO_INCREMENT,
  `name` varchar(150) NOT NULL,
  PRIMARY KEY (`id`),
  UNIQUE KEY `name` (`name`)
) ENGINE=InnoDB DEFAULT CHARSET=utf8mb4 COLLATE=utf8mb4_0900_ai_ci;
/*!40101 SET character_set_client = @saved_cs_client */;

--
-- Dumping data for table `auth_group`
--

LOCK TABLES `auth_group` WRITE;
/*!40000 ALTER TABLE `auth_group` DISABLE KEYS */;
/*!40000 ALTER TABLE `auth_group` ENABLE KEYS */;
UNLOCK TABLES;

--
-- Table structure for table `auth_group_permissions`
--

DROP TABLE IF EXISTS `auth_group_permissions`;
/*!40101 SET @saved_cs_client     = @@character_set_client */;
/*!50503 SET character_set_client = utf8mb4 */;
CREATE TABLE `auth_group_permissions` (
  `id` int NOT NULL AUTO_INCREMENT,
  `group_id` int NOT NULL,
  `permission_id` int NOT NULL,
  PRIMARY KEY (`id`),
  UNIQUE KEY `auth_group_permissions_group_id_permission_id_0cd325b0_uniq` (`group_id`,`permission_id`),
  KEY `auth_group_permissio_permission_id_84c5c92e_fk_auth_perm` (`permission_id`),
  CONSTRAINT `auth_group_permissio_permission_id_84c5c92e_fk_auth_perm` FOREIGN KEY (`permission_id`) REFERENCES `auth_permission` (`id`),
  CONSTRAINT `auth_group_permissions_group_id_b120cbf9_fk_auth_group_id` FOREIGN KEY (`group_id`) REFERENCES `auth_group` (`id`)
) ENGINE=InnoDB DEFAULT CHARSET=utf8mb4 COLLATE=utf8mb4_0900_ai_ci;
/*!40101 SET character_set_client = @saved_cs_client */;

--
-- Dumping data for table `auth_group_permissions`
--

LOCK TABLES `auth_group_permissions` WRITE;
/*!40000 ALTER TABLE `auth_group_permissions` DISABLE KEYS */;
/*!40000 ALTER TABLE `auth_group_permissions` ENABLE KEYS */;
UNLOCK TABLES;

--
-- Table structure for table `auth_permission`
--

DROP TABLE IF EXISTS `auth_permission`;
/*!40101 SET @saved_cs_client     = @@character_set_client */;
/*!50503 SET character_set_client = utf8mb4 */;
CREATE TABLE `auth_permission` (
  `id` int NOT NULL AUTO_INCREMENT,
  `name` varchar(255) NOT NULL,
  `content_type_id` int NOT NULL,
  `codename` varchar(100) NOT NULL,
  PRIMARY KEY (`id`),
  UNIQUE KEY `auth_permission_content_type_id_codename_01ab375a_uniq` (`content_type_id`,`codename`),
  CONSTRAINT `auth_permission_content_type_id_2f476e4b_fk_django_co` FOREIGN KEY (`content_type_id`) REFERENCES `django_content_type` (`id`)
) ENGINE=InnoDB AUTO_INCREMENT=53 DEFAULT CHARSET=utf8mb4 COLLATE=utf8mb4_0900_ai_ci;
/*!40101 SET character_set_client = @saved_cs_client */;

--
-- Dumping data for table `auth_permission`
--

LOCK TABLES `auth_permission` WRITE;
/*!40000 ALTER TABLE `auth_permission` DISABLE KEYS */;
INSERT INTO `auth_permission` VALUES (1,'Can add log entry',1,'add_logentry'),(2,'Can change log entry',1,'change_logentry'),(3,'Can delete log entry',1,'delete_logentry'),(4,'Can view log entry',1,'view_logentry'),(5,'Can add permission',2,'add_permission'),(6,'Can change permission',2,'change_permission'),(7,'Can delete permission',2,'delete_permission'),(8,'Can view permission',2,'view_permission'),(9,'Can add group',3,'add_group'),(10,'Can change group',3,'change_group'),(11,'Can delete group',3,'delete_group'),(12,'Can view group',3,'view_group'),(13,'Can add user',4,'add_user'),(14,'Can change user',4,'change_user'),(15,'Can delete user',4,'delete_user'),(16,'Can view user',4,'view_user'),(17,'Can add content type',5,'add_contenttype'),(18,'Can change content type',5,'change_contenttype'),(19,'Can delete content type',5,'delete_contenttype'),(20,'Can view content type',5,'view_contenttype'),(21,'Can add session',6,'add_session'),(22,'Can change session',6,'change_session'),(23,'Can delete session',6,'delete_session'),(24,'Can view session',6,'view_session'),(25,'Can add login master',7,'add_loginmaster'),(26,'Can change login master',7,'change_loginmaster'),(27,'Can delete login master',7,'delete_loginmaster'),(28,'Can view login master',7,'view_loginmaster'),(29,'Can add genre master',8,'add_genremaster'),(30,'Can change genre master',8,'change_genremaster'),(31,'Can delete genre master',8,'delete_genremaster'),(32,'Can view genre master',8,'view_genremaster'),(33,'Can add movie master',9,'add_moviemaster'),(34,'Can change movie master',9,'change_moviemaster'),(35,'Can delete movie master',9,'delete_moviemaster'),(36,'Can view movie master',9,'view_moviemaster'),(37,'Can add session master',10,'add_sessionmaster'),(38,'Can change session master',10,'change_sessionmaster'),(39,'Can delete session master',10,'delete_sessionmaster'),(40,'Can view session master',10,'view_sessionmaster'),(41,'Can add client master',11,'add_clientmaster'),(42,'Can change client master',11,'change_clientmaster'),(43,'Can delete client master',11,'delete_clientmaster'),(44,'Can view client master',11,'view_clientmaster'),(45,'Can add admin master',12,'add_adminmaster'),(46,'Can change admin master',12,'change_adminmaster'),(47,'Can delete admin master',12,'delete_adminmaster'),(48,'Can view admin master',12,'view_adminmaster'),(49,'Can add comment master',13,'add_commentmaster'),(50,'Can change comment master',13,'change_commentmaster'),(51,'Can delete comment master',13,'delete_commentmaster'),(52,'Can view comment master',13,'view_commentmaster');
/*!40000 ALTER TABLE `auth_permission` ENABLE KEYS */;
UNLOCK TABLES;

--
-- Table structure for table `auth_user`
--

DROP TABLE IF EXISTS `auth_user`;
/*!40101 SET @saved_cs_client     = @@character_set_client */;
/*!50503 SET character_set_client = utf8mb4 */;
CREATE TABLE `auth_user` (
  `id` int NOT NULL AUTO_INCREMENT,
  `password` varchar(128) NOT NULL,
  `last_login` datetime(6) DEFAULT NULL,
  `is_superuser` tinyint(1) NOT NULL,
  `username` varchar(150) NOT NULL,
  `first_name` varchar(30) NOT NULL,
  `last_name` varchar(150) NOT NULL,
  `email` varchar(254) NOT NULL,
  `is_staff` tinyint(1) NOT NULL,
  `is_active` tinyint(1) NOT NULL,
  `date_joined` datetime(6) NOT NULL,
  PRIMARY KEY (`id`),
  UNIQUE KEY `username` (`username`)
) ENGINE=InnoDB DEFAULT CHARSET=utf8mb4 COLLATE=utf8mb4_0900_ai_ci;
/*!40101 SET character_set_client = @saved_cs_client */;

--
-- Dumping data for table `auth_user`
--

LOCK TABLES `auth_user` WRITE;
/*!40000 ALTER TABLE `auth_user` DISABLE KEYS */;
/*!40000 ALTER TABLE `auth_user` ENABLE KEYS */;
UNLOCK TABLES;

--
-- Table structure for table `auth_user_groups`
--

DROP TABLE IF EXISTS `auth_user_groups`;
/*!40101 SET @saved_cs_client     = @@character_set_client */;
/*!50503 SET character_set_client = utf8mb4 */;
CREATE TABLE `auth_user_groups` (
  `id` int NOT NULL AUTO_INCREMENT,
  `user_id` int NOT NULL,
  `group_id` int NOT NULL,
  PRIMARY KEY (`id`),
  UNIQUE KEY `auth_user_groups_user_id_group_id_94350c0c_uniq` (`user_id`,`group_id`),
  KEY `auth_user_groups_group_id_97559544_fk_auth_group_id` (`group_id`),
  CONSTRAINT `auth_user_groups_group_id_97559544_fk_auth_group_id` FOREIGN KEY (`group_id`) REFERENCES `auth_group` (`id`),
  CONSTRAINT `auth_user_groups_user_id_6a12ed8b_fk_auth_user_id` FOREIGN KEY (`user_id`) REFERENCES `auth_user` (`id`)
) ENGINE=InnoDB DEFAULT CHARSET=utf8mb4 COLLATE=utf8mb4_0900_ai_ci;
/*!40101 SET character_set_client = @saved_cs_client */;

--
-- Dumping data for table `auth_user_groups`
--

LOCK TABLES `auth_user_groups` WRITE;
/*!40000 ALTER TABLE `auth_user_groups` DISABLE KEYS */;
/*!40000 ALTER TABLE `auth_user_groups` ENABLE KEYS */;
UNLOCK TABLES;

--
-- Table structure for table `auth_user_user_permissions`
--

DROP TABLE IF EXISTS `auth_user_user_permissions`;
/*!40101 SET @saved_cs_client     = @@character_set_client */;
/*!50503 SET character_set_client = utf8mb4 */;
CREATE TABLE `auth_user_user_permissions` (
  `id` int NOT NULL AUTO_INCREMENT,
  `user_id` int NOT NULL,
  `permission_id` int NOT NULL,
  PRIMARY KEY (`id`),
  UNIQUE KEY `auth_user_user_permissions_user_id_permission_id_14a6b632_uniq` (`user_id`,`permission_id`),
  KEY `auth_user_user_permi_permission_id_1fbb5f2c_fk_auth_perm` (`permission_id`),
  CONSTRAINT `auth_user_user_permi_permission_id_1fbb5f2c_fk_auth_perm` FOREIGN KEY (`permission_id`) REFERENCES `auth_permission` (`id`),
  CONSTRAINT `auth_user_user_permissions_user_id_a95ead1b_fk_auth_user_id` FOREIGN KEY (`user_id`) REFERENCES `auth_user` (`id`)
) ENGINE=InnoDB DEFAULT CHARSET=utf8mb4 COLLATE=utf8mb4_0900_ai_ci;
/*!40101 SET character_set_client = @saved_cs_client */;

--
-- Dumping data for table `auth_user_user_permissions`
--

LOCK TABLES `auth_user_user_permissions` WRITE;
/*!40000 ALTER TABLE `auth_user_user_permissions` DISABLE KEYS */;
/*!40000 ALTER TABLE `auth_user_user_permissions` ENABLE KEYS */;
UNLOCK TABLES;

--
-- Table structure for table `django_admin_log`
--

DROP TABLE IF EXISTS `django_admin_log`;
/*!40101 SET @saved_cs_client     = @@character_set_client */;
/*!50503 SET character_set_client = utf8mb4 */;
CREATE TABLE `django_admin_log` (
  `id` int NOT NULL AUTO_INCREMENT,
  `action_time` datetime(6) NOT NULL,
  `object_id` longtext,
  `object_repr` varchar(200) NOT NULL,
  `action_flag` smallint unsigned NOT NULL,
  `change_message` longtext NOT NULL,
  `content_type_id` int DEFAULT NULL,
  `user_id` int NOT NULL,
  PRIMARY KEY (`id`),
  KEY `django_admin_log_content_type_id_c4bce8eb_fk_django_co` (`content_type_id`),
  KEY `django_admin_log_user_id_c564eba6_fk_auth_user_id` (`user_id`),
  CONSTRAINT `django_admin_log_content_type_id_c4bce8eb_fk_django_co` FOREIGN KEY (`content_type_id`) REFERENCES `django_content_type` (`id`),
  CONSTRAINT `django_admin_log_user_id_c564eba6_fk_auth_user_id` FOREIGN KEY (`user_id`) REFERENCES `auth_user` (`id`),
  CONSTRAINT `django_admin_log_chk_1` CHECK ((`action_flag` >= 0))
) ENGINE=InnoDB DEFAULT CHARSET=utf8mb4 COLLATE=utf8mb4_0900_ai_ci;
/*!40101 SET character_set_client = @saved_cs_client */;

--
-- Dumping data for table `django_admin_log`
--

LOCK TABLES `django_admin_log` WRITE;
/*!40000 ALTER TABLE `django_admin_log` DISABLE KEYS */;
/*!40000 ALTER TABLE `django_admin_log` ENABLE KEYS */;
UNLOCK TABLES;

--
-- Table structure for table `django_content_type`
--

DROP TABLE IF EXISTS `django_content_type`;
/*!40101 SET @saved_cs_client     = @@character_set_client */;
/*!50503 SET character_set_client = utf8mb4 */;
CREATE TABLE `django_content_type` (
  `id` int NOT NULL AUTO_INCREMENT,
  `app_label` varchar(100) NOT NULL,
  `model` varchar(100) NOT NULL,
  PRIMARY KEY (`id`),
  UNIQUE KEY `django_content_type_app_label_model_76bd3d3b_uniq` (`app_label`,`model`)
) ENGINE=InnoDB AUTO_INCREMENT=14 DEFAULT CHARSET=utf8mb4 COLLATE=utf8mb4_0900_ai_ci;
/*!40101 SET character_set_client = @saved_cs_client */;

--
-- Dumping data for table `django_content_type`
--

LOCK TABLES `django_content_type` WRITE;
/*!40000 ALTER TABLE `django_content_type` DISABLE KEYS */;
INSERT INTO `django_content_type` VALUES (1,'admin','logentry'),(3,'auth','group'),(2,'auth','permission'),(4,'auth','user'),(5,'contenttypes','contenttype'),(12,'project','adminmaster'),(11,'project','clientmaster'),(13,'project','commentmaster'),(8,'project','genremaster'),(7,'project','loginmaster'),(9,'project','moviemaster'),(10,'project','sessionmaster'),(6,'sessions','session');
/*!40000 ALTER TABLE `django_content_type` ENABLE KEYS */;
UNLOCK TABLES;

--
-- Table structure for table `django_migrations`
--

DROP TABLE IF EXISTS `django_migrations`;
/*!40101 SET @saved_cs_client     = @@character_set_client */;
/*!50503 SET character_set_client = utf8mb4 */;
CREATE TABLE `django_migrations` (
  `id` int NOT NULL AUTO_INCREMENT,
  `app` varchar(255) NOT NULL,
  `name` varchar(255) NOT NULL,
  `applied` datetime(6) NOT NULL,
  PRIMARY KEY (`id`)
) ENGINE=InnoDB AUTO_INCREMENT=24 DEFAULT CHARSET=utf8mb4 COLLATE=utf8mb4_0900_ai_ci;
/*!40101 SET character_set_client = @saved_cs_client */;

--
-- Dumping data for table `django_migrations`
--

LOCK TABLES `django_migrations` WRITE;
/*!40000 ALTER TABLE `django_migrations` DISABLE KEYS */;
INSERT INTO `django_migrations` VALUES (1,'contenttypes','0001_initial','2020-07-28 10:55:00.397740'),(2,'auth','0001_initial','2020-07-28 10:55:04.332476'),(3,'admin','0001_initial','2020-07-28 10:55:18.972887'),(4,'admin','0002_logentry_remove_auto_add','2020-07-28 10:55:22.797693'),(5,'admin','0003_logentry_add_action_flag_choices','2020-07-28 10:55:22.921322'),(6,'contenttypes','0002_remove_content_type_name','2020-07-28 10:55:25.950537'),(7,'auth','0002_alter_permission_name_max_length','2020-07-28 10:55:27.570483'),(8,'auth','0003_alter_user_email_max_length','2020-07-28 10:55:27.828844'),(9,'auth','0004_alter_user_username_opts','2020-07-28 10:55:27.973525'),(10,'auth','0005_alter_user_last_login_null','2020-07-28 10:55:29.474663'),(11,'auth','0006_require_contenttypes_0002','2020-07-28 10:55:29.596937'),(12,'auth','0007_alter_validators_add_error_messages','2020-07-28 10:55:29.745430'),(13,'auth','0008_alter_user_username_max_length','2020-07-28 10:55:32.447480'),(14,'auth','0009_alter_user_last_name_max_length','2020-07-28 10:55:34.227278'),(15,'auth','0010_alter_group_name_max_length','2020-07-28 10:55:34.585444'),(16,'auth','0011_update_proxy_permissions','2020-07-28 10:55:34.681250'),(17,'sessions','0001_initial','2020-07-28 10:55:35.550449'),(18,'project','0001_initial','2020-07-28 11:23:08.734540'),(19,'project','0002_auto_20200728_1150','2020-07-28 11:50:54.075122'),(20,'project','0003_commentmaster','2020-07-28 12:26:13.677291'),(21,'project','0004_auto_20200728_1546','2020-07-28 15:46:42.500137'),(22,'project','0005_auto_20200728_1547','2020-07-28 15:47:11.268256'),(23,'project','0006_auto_20200729_1531','2020-07-29 15:31:36.260316');
/*!40000 ALTER TABLE `django_migrations` ENABLE KEYS */;
UNLOCK TABLES;

--
-- Table structure for table `django_session`
--

DROP TABLE IF EXISTS `django_session`;
/*!40101 SET @saved_cs_client     = @@character_set_client */;
/*!50503 SET character_set_client = utf8mb4 */;
CREATE TABLE `django_session` (
  `session_key` varchar(40) NOT NULL,
  `session_data` longtext NOT NULL,
  `expire_date` datetime(6) NOT NULL,
  PRIMARY KEY (`session_key`),
  KEY `django_session_expire_date_a5c62663` (`expire_date`)
) ENGINE=InnoDB DEFAULT CHARSET=utf8mb4 COLLATE=utf8mb4_0900_ai_ci;
/*!40101 SET character_set_client = @saved_cs_client */;

--
-- Dumping data for table `django_session`
--

LOCK TABLES `django_session` WRITE;
/*!40000 ALTER TABLE `django_session` DISABLE KEYS */;
/*!40000 ALTER TABLE `django_session` ENABLE KEYS */;
UNLOCK TABLES;

--
-- Table structure for table `project_adminmaster`
--

DROP TABLE IF EXISTS `project_adminmaster`;
/*!40101 SET @saved_cs_client     = @@character_set_client */;
/*!50503 SET character_set_client = utf8mb4 */;
CREATE TABLE `project_adminmaster` (
  `adminId` int NOT NULL AUTO_INCREMENT,
  `adminName` varchar(255) NOT NULL,
  `number` varchar(12) NOT NULL,
  `email` varchar(255) NOT NULL,
  `isActive` tinyint(1) NOT NULL,
  `userId_id` int NOT NULL,
  PRIMARY KEY (`adminId`),
  UNIQUE KEY `number` (`number`),
  UNIQUE KEY `email` (`email`),
  KEY `project_adminmaster_userId_id_37acb734_fk_project_l` (`userId_id`),
  CONSTRAINT `project_adminmaster_userId_id_37acb734_fk_project_l` FOREIGN KEY (`userId_id`) REFERENCES `project_loginmaster` (`userId`)
) ENGINE=InnoDB AUTO_INCREMENT=4 DEFAULT CHARSET=utf8mb4 COLLATE=utf8mb4_0900_ai_ci;
/*!40101 SET character_set_client = @saved_cs_client */;

--
-- Dumping data for table `project_adminmaster`
--

LOCK TABLES `project_adminmaster` WRITE;
/*!40000 ALTER TABLE `project_adminmaster` DISABLE KEYS */;
INSERT INTO `project_adminmaster` VALUES (1,'Harsh','9811706885','harsh@harsh.com',1,1),(2,'Harsh','9811706886','harsh@harsh.co.in',1,4),(3,'Hari Haran','8855223366','hari@hari.com',1,14);
/*!40000 ALTER TABLE `project_adminmaster` ENABLE KEYS */;
UNLOCK TABLES;

--
-- Table structure for table `project_clientmaster`
--

DROP TABLE IF EXISTS `project_clientmaster`;
/*!40101 SET @saved_cs_client     = @@character_set_client */;
/*!50503 SET character_set_client = utf8mb4 */;
CREATE TABLE `project_clientmaster` (
  `clientId` int NOT NULL AUTO_INCREMENT,
  `name` varchar(255) NOT NULL,
  `number` varchar(12) NOT NULL,
  `email` varchar(255) NOT NULL,
  `createOn` datetime(6) NOT NULL,
  `userId_id` int NOT NULL,
  PRIMARY KEY (`clientId`),
  UNIQUE KEY `number` (`number`),
  UNIQUE KEY `email` (`email`),
  KEY `project_clientmaster_userId_id_70a55e03_fk_project_l` (`userId_id`),
  CONSTRAINT `project_clientmaster_userId_id_70a55e03_fk_project_l` FOREIGN KEY (`userId_id`) REFERENCES `project_loginmaster` (`userId`)
) ENGINE=InnoDB AUTO_INCREMENT=7 DEFAULT CHARSET=utf8mb4 COLLATE=utf8mb4_0900_ai_ci;
/*!40101 SET character_set_client = @saved_cs_client */;

--
-- Dumping data for table `project_clientmaster`
--

LOCK TABLES `project_clientmaster` WRITE;
/*!40000 ALTER TABLE `project_clientmaster` DISABLE KEYS */;
INSERT INTO `project_clientmaster` VALUES (1,'','9811706886','harsh@harsh.co.in','2020-07-29 01:58:30.018421',8),(2,'','9811706885','harsh@harsh.com','2020-07-29 02:01:36.967099',9),(3,'','9811706887','harsh@harsh.co.as','2020-07-29 02:02:17.852393',10),(4,'','9811706888','harsh@harsh.co.uk','2020-07-29 17:03:31.243748',11),(5,'Harsh','9811706889','harsh@harsh.ci.uk','2020-07-29 17:57:07.107722',12),(6,'Yahoo','9966332255','hari@hari.com','2020-07-30 06:45:48.097083',13);
/*!40000 ALTER TABLE `project_clientmaster` ENABLE KEYS */;
UNLOCK TABLES;

--
-- Table structure for table `project_commentmaster`
--

DROP TABLE IF EXISTS `project_commentmaster`;
/*!40101 SET @saved_cs_client     = @@character_set_client */;
/*!50503 SET character_set_client = utf8mb4 */;
CREATE TABLE `project_commentmaster` (
  `commentId` int NOT NULL AUTO_INCREMENT,
  `commentOn` datetime(6) NOT NULL,
  `commentValue` longtext NOT NULL,
  `commentBy_id` int NOT NULL,
  `movieId_id` int NOT NULL,
  PRIMARY KEY (`commentId`),
  KEY `project_commentmaste_commentBy_id_383156c3_fk_project_c` (`commentBy_id`),
  KEY `project_commentmaste_movieId_id_70eb4fd8_fk_project_m` (`movieId_id`),
  CONSTRAINT `project_commentmaste_commentBy_id_383156c3_fk_project_c` FOREIGN KEY (`commentBy_id`) REFERENCES `project_clientmaster` (`clientId`),
  CONSTRAINT `project_commentmaste_movieId_id_70eb4fd8_fk_project_m` FOREIGN KEY (`movieId_id`) REFERENCES `project_moviemaster` (`movieId`)
) ENGINE=InnoDB AUTO_INCREMENT=22 DEFAULT CHARSET=utf8mb4 COLLATE=utf8mb4_0900_ai_ci;
/*!40101 SET character_set_client = @saved_cs_client */;

--
-- Dumping data for table `project_commentmaster`
--

LOCK TABLES `project_commentmaster` WRITE;
/*!40000 ALTER TABLE `project_commentmaster` DISABLE KEYS */;
INSERT INTO `project_commentmaster` VALUES (1,'2020-07-29 17:05:05.715564','Yaha waha kaha kaha dekha jae aage hoga kya',4,5),(2,'2020-07-29 17:05:07.323617','Yaha waha kaha kaha dekha jae aage hoga kya',4,5),(3,'2020-07-29 17:05:08.214455','Yaha waha kaha kaha dekha jae aage hoga kya',4,5),(4,'2020-07-29 17:05:14.894091','Yaha waha kaha kaha dekha jae aage hoga kya',4,55),(5,'2020-07-29 17:57:47.431064','Yaha waha kaha kaha dekha jae aage hoga kya',5,55),(6,'2020-07-30 06:03:38.216021','Yaha waha kaha kaha dekha jae aage hoga kya',5,55),(7,'2020-07-30 06:06:49.394937','Yaha waha kaha kaha dekha jae aage hoga kya',5,55),(8,'2020-07-30 06:06:50.013106','Yaha waha kaha kaha dekha jae aage hoga kya',5,55),(9,'2020-07-30 06:06:50.660335','Yaha waha kaha kaha dekha jae aage hoga kya',5,55),(10,'2020-07-30 06:06:51.423091','Yaha waha kaha kaha dekha jae aage hoga kya',5,55),(11,'2020-07-30 06:06:52.160009','Yaha waha kaha kaha dekha jae aage hoga kya',5,55),(12,'2020-07-30 06:06:52.727666','Yaha waha kaha kaha dekha jae aage hoga kya',5,55),(13,'2020-07-30 06:06:53.497099','Yaha waha kaha kaha dekha jae aage hoga kya',5,55),(14,'2020-07-30 06:06:54.101886','Yaha waha kaha kaha dekha jae aage hoga kya',5,55),(15,'2020-07-30 06:06:54.791498','Yaha waha kaha kaha dekha jae aage hoga kya',5,55),(16,'2020-07-30 06:06:55.452383','Yaha waha kaha kaha dekha jae aage hoga kya',5,55),(17,'2020-07-30 06:06:56.155725','Yaha waha kaha kaha dekha jae aage hoga kya',5,55),(18,'2020-07-30 06:06:56.938317','Yaha waha kaha kaha dekha jae aage hoga kya',5,55),(19,'2020-07-30 06:16:14.505441','Test',5,500),(20,'2020-07-30 06:18:13.952514','Testing',5,500),(21,'2020-07-30 06:18:25.421379','Aur batao\nwaha bhi jana hai ',5,500);
/*!40000 ALTER TABLE `project_commentmaster` ENABLE KEYS */;
UNLOCK TABLES;

--
-- Table structure for table `project_genremaster`
--

DROP TABLE IF EXISTS `project_genremaster`;
/*!40101 SET @saved_cs_client     = @@character_set_client */;
/*!50503 SET character_set_client = utf8mb4 */;
CREATE TABLE `project_genremaster` (
  `genreId` int NOT NULL AUTO_INCREMENT,
  `genreName` varchar(255) NOT NULL,
  `isActive` tinyint(1) NOT NULL,
  PRIMARY KEY (`genreId`),
  UNIQUE KEY `genreName` (`genreName`)
) ENGINE=InnoDB AUTO_INCREMENT=55 DEFAULT CHARSET=utf8mb4 COLLATE=utf8mb4_0900_ai_ci;
/*!40101 SET character_set_client = @saved_cs_client */;

--
-- Dumping data for table `project_genremaster`
--

LOCK TABLES `project_genremaster` WRITE;
/*!40000 ALTER TABLE `project_genremaster` DISABLE KEYS */;
INSERT INTO `project_genremaster` VALUES (1,'root1',1),(2,'root',1),(3,'Apple',1),(4,'Adventure',1),(5,' Family',1),(6,' Fantasy',1),(7,' Musical',1),(8,'Action',1),(9,' Adventure',1),(10,' Sci-Fi',1),(11,' Drama',1),(12,' War',1),(13,'Horror',1),(14,' Mystery',1),(15,' Thriller',1),(16,' Horror',1),(17,'Drama',1),(18,' Romance',1),(19,'Animation',1),(20,'Crime',1),(21,' History',1),(22,' Western',1),(23,' Film-Noir',1),(24,'Thriller',1),(25,'Fantasy',1),(26,'Musical',1),(27,' Comedy',1),(28,' Documentary',1),(29,' Music',1),(30,'Comedy',1),(31,'Short',1),(32,' Action',1),(33,'Family',1),(34,' Sport',1),(35,' Crime',1),(36,'Mystery',1),(37,' Short',1),(38,'Talk-Show',1),(39,' Biography',1),(40,'Biography',1),(41,'Romance',1),(42,'Game-Show',1),(43,'Western',1),(44,'Documentary',1),(45,' News',1),(46,' Talk-Show',1),(47,'Adult',1),(48,'Film-Noir',1),(49,' Reality-TV',1),(50,'ABC',1),(51,'BCA',1),(52,'Ready',1),(53,' Abc1',1),(54,' Abc2',1);
/*!40000 ALTER TABLE `project_genremaster` ENABLE KEYS */;
UNLOCK TABLES;

--
-- Table structure for table `project_loginmaster`
--

DROP TABLE IF EXISTS `project_loginmaster`;
/*!40101 SET @saved_cs_client     = @@character_set_client */;
/*!50503 SET character_set_client = utf8mb4 */;
CREATE TABLE `project_loginmaster` (
  `userId` int NOT NULL AUTO_INCREMENT,
  `userName` varchar(64) NOT NULL,
  `password` varchar(32) NOT NULL,
  `userType` varchar(32) NOT NULL,
  `isActive` tinyint(1) NOT NULL,
  PRIMARY KEY (`userId`),
  UNIQUE KEY `userName` (`userName`)
) ENGINE=InnoDB AUTO_INCREMENT=15 DEFAULT CHARSET=utf8mb4 COLLATE=utf8mb4_0900_ai_ci;
/*!40101 SET character_set_client = @saved_cs_client */;

--
-- Dumping data for table `project_loginmaster`
--

LOCK TABLES `project_loginmaster` WRITE;
/*!40000 ALTER TABLE `project_loginmaster` DISABLE KEYS */;
INSERT INTO `project_loginmaster` VALUES (1,'root','root','ADM',1),(4,'root1','root1Aaa','ADM',1),(5,'root12','root1Aaa','CLIENT',1),(6,'root123','root1Aaa','CLIENT',1),(8,'root12311','root1Aaa','CLIENT',1),(9,'root12311a1','root1Aaa','CLIENT',1),(10,'root12311aa1','root1Aaa','CLIENT',1),(11,'root12311aa11','root1Aaa','CLIENT',1),(12,'root123111aa11','root1Aaa','CLIENT',1),(13,'ravan','12345678aA','CLIENT',1),(14,'ravan1','123456789aA','ADM',1);
/*!40000 ALTER TABLE `project_loginmaster` ENABLE KEYS */;
UNLOCK TABLES;

--
-- Table structure for table `project_moviemaster`
--

DROP TABLE IF EXISTS `project_moviemaster`;
/*!40101 SET @saved_cs_client     = @@character_set_client */;
/*!50503 SET character_set_client = utf8mb4 */;
CREATE TABLE `project_moviemaster` (
  `movieId` int NOT NULL AUTO_INCREMENT,
  `name` varchar(255) NOT NULL,
  `director` varchar(255) NOT NULL,
  `genre` longtext NOT NULL,
  `poplularity` decimal(5,2) NOT NULL,
  `imdb` decimal(3,1) NOT NULL,
  `createdOn` datetime(6) NOT NULL,
  PRIMARY KEY (`movieId`)
) ENGINE=InnoDB AUTO_INCREMENT=750 DEFAULT CHARSET=utf8mb4 COLLATE=utf8mb4_0900_ai_ci;
/*!40101 SET character_set_client = @saved_cs_client */;

--
-- Dumping data for table `project_moviemaster`
--

LOCK TABLES `project_moviemaster` WRITE;
/*!40000 ALTER TABLE `project_moviemaster` DISABLE KEYS */;
INSERT INTO `project_moviemaster` VALUES (1,'Raju bana gentleman','Ravi kisan','[\'Apple\']',100.00,10.0,'2020-07-29 15:31:45.077833'),(2,'Raju bana gentleman','Ravi kisan','[\'Apple\']',100.00,10.0,'2020-07-29 15:37:47.926680'),(3,'Raju bana gentleman','Ravi kisan','[\'Apple\']',100.00,10.0,'2020-07-29 15:37:56.281145'),(4,'The Wizard of Oz','Victor Fleming','[\'Adventure\', \' Family\', \' Fantasy\', \' Musical\']',83.00,8.3,'2020-07-29 16:01:43.998387'),(5,'Raju bana gentleman','Ravi kisan','[\'Apple\']',100.00,10.0,'2020-07-29 16:01:43.998387'),(6,'Cabiria','Giovanni Pastrone','[\'Adventure\', \' Drama\', \' War\']',66.00,6.6,'2020-07-29 16:01:43.998387'),(7,'Psycho','Alfred Hitchcock','[\'Horror\', \' Mystery\', \' Thriller\']',87.00,8.7,'2020-07-29 16:01:43.998387'),(8,'King Kong','Merian C. Cooper','[\'Adventure\', \' Fantasy\', \' Horror\']',80.00,8.0,'2020-07-29 16:01:43.998387'),(9,'Metropolis','Fritz Lang','[\'Adventure\', \' Drama\', \' Sci-Fi\']',84.00,8.4,'2020-07-29 16:01:43.998387'),(10,'Star Trek','Marc Daniels','[\'Adventure\', \' Sci-Fi\']',86.00,8.6,'2020-07-29 16:01:43.998387'),(11,'Casablanca','Michael Curtiz','[\'Drama\', \' Romance\', \' War\']',88.00,8.8,'2020-07-29 16:01:43.998387'),(12,'Snow White and the Seven Dwarfs','William Cottrell','[\'Animation\', \' Family\', \' Fantasy\', \' Musical\', \' Romance\']',79.00,7.9,'2020-07-29 16:01:43.998387'),(13,'2001 : A Space Odyssey','Stanley Kubrick','[\'Adventure\', \' Mystery\', \' Sci-Fi\']',84.00,8.4,'2020-07-29 16:01:43.998387'),(14,'The Godfather','Francis Ford Coppola','[\'Crime\', \' Drama\']',92.00,9.2,'2020-07-29 16:01:43.998387'),(15,'The Birth of a Nation','D.W. Griffith','[\'Drama\', \' History\', \' Romance\', \' War\', \' Western\']',71.00,7.1,'2020-07-29 16:01:43.998387'),(16,'Shadow of a Doubt','Alfred Hitchcock','[\'Crime\', \' Film-Noir\', \' Mystery\', \' Thriller\']',81.00,8.1,'2020-07-29 16:01:43.998387'),(17,'Jaws','Steven Spielberg','[\'Thriller\']',83.00,8.3,'2020-07-29 16:01:43.998387'),(18,'Snow White','J. Searle Dawley','[\'Fantasy\', \' Romance\']',64.00,6.4,'2020-07-29 16:01:43.998387'),(19,'Apocalypse Now','Francis Ford Coppola','[\'Drama\', \' War\']',86.00,8.6,'2020-07-29 16:01:43.998387'),(20,'Gone with the Wind','Victor Fleming','[\'Drama\', \' Romance\', \' War\']',82.00,8.2,'2020-07-29 16:01:43.998387'),(21,'The Merry Widow','Ernst Lubitsch','[\'Musical\', \' Comedy\', \' Romance\']',76.00,7.6,'2020-07-29 16:01:43.998387'),(22,'The Searchers','John Ford','[\'Adventure\', \' Drama\', \' Western\']',81.00,8.1,'2020-07-29 16:01:43.998387'),(23,'Vertigo','Alfred Hitchcock','[\'Crime\', \' Mystery\', \' Romance\', \' Thriller\']',86.00,8.6,'2020-07-29 16:01:43.998387'),(24,'Dr. No','Terence Young','[\'Action\', \' Adventure\', \' Thriller\']',73.00,7.3,'2020-07-29 16:01:43.998387'),(25,'Touch of Evil','Orson Welles','[\'Crime\', \' Film-Noir\', \' Thriller\']',83.00,8.3,'2020-07-29 16:01:43.998387'),(26,'Chang : A Drama of the Wilderness','Merian C. Cooper','[\'Adventure\', \' Documentary\']',74.00,7.4,'2020-07-29 16:01:43.998387'),(27,'The Exorcist','William Friedkin','[\'Horror\']',81.00,8.1,'2020-07-29 16:01:43.998387'),(28,'Citizen Kane','Orson Welles','[\'Drama\', \' Mystery\']',86.00,8.6,'2020-07-29 16:01:43.998387'),(29,'The Terminator','James Cameron','[\'Action\', \' Sci-Fi\', \' Thriller\']',81.00,8.1,'2020-07-29 16:01:43.998387'),(30,'Rosemarys Baby','Roman Polanski','[\'Drama\', \' Horror\', \' Mystery\']',81.00,8.1,'2020-07-29 16:01:43.998387'),(31,'Bronenosets Potyomkin','Sergei M. Eisenstein','[\'Drama\', \' History\', \' War\']',81.00,8.1,'2020-07-29 16:01:43.998387'),(32,'Star Wars : Episode V - The Empire Strikes Back','Irvin Kershner','[\'Action\', \' Adventure\', \' Sci-Fi\']',88.00,8.8,'2020-07-29 16:01:43.998387'),(33,'The Lost World','Harry O. Hoyt','[\'Adventure\', \' Fantasy\', \' Horror\', \' Sci-Fi\', \' Thriller\']',71.00,7.1,'2020-07-29 16:01:43.998387'),(34,'A Clockwork Orange','Stanley Kubrick','[\'Crime\', \' Drama\', \' Sci-Fi\']',85.00,8.5,'2020-07-29 16:01:43.998387'),(35,'Frankenstein','James Whale','[\'Drama\', \' Horror\', \' Sci-Fi\']',80.00,8.0,'2020-07-29 16:01:43.998387'),(36,'Sesame Street','Lisa Simon','[\'Animation\', \' Comedy\', \' Family\', \' Fantasy\', \' Music\']',85.00,8.5,'2020-07-29 16:01:43.998387'),(37,'La grande illusion','Jean Renoir','[\'Drama\', \' War\']',82.00,8.2,'2020-07-29 16:01:43.998387'),(38,'Raiders of the Lost Ark','Steven Spielberg','[\'Action\', \' Adventure\']',87.00,8.7,'2020-07-29 16:01:43.998387'),(39,'Night of the Living Dead','George A. Romero','[\'Horror\', \' Mystery\']',80.00,8.0,'2020-07-29 16:01:43.998387'),(40,'The Wizard of Oz','Larry Semon','[\'Comedy\', \' Family\', \' Fantasy\', \' Adventure\']',53.00,5.3,'2020-07-29 16:01:43.998387'),(41,'THX 1138','George Lucas','[\'Drama\', \' Mystery\', \' Sci-Fi\', \' Thriller\']',68.00,6.8,'2020-07-29 16:01:43.998387'),(42,'E.T. : The Extra-Terrestrial','Steven Spielberg','[\'Adventure\', \' Drama\', \' Family\', \' Fantasy\', \' Sci-Fi\']',79.00,7.9,'2020-07-29 16:01:43.998387'),(43,'The Poor Little Rich Girl','Maurice Tourneur','[\'Comedy\', \' Drama\']',69.00,6.9,'2020-07-29 16:01:43.998387'),(44,'The Tin Man','James Parrott','[\'Short\', \' Adventure\', \' Comedy\']',46.00,4.6,'2020-07-29 16:01:43.998387'),(45,'Taxi Driver','Martin Scorsese','[\'Drama\', \' Thriller\']',86.00,8.6,'2020-07-29 16:01:43.998387'),(46,'Il buono, il brutto, il cattivo.','Sergio Leone','[\'Adventure\', \' Western\']',90.00,9.0,'2020-07-29 16:01:43.998387'),(47,'The Battle at Elderbush Gulch','D.W. Griffith','[\'Short\', \' Action\', \' Western\']',66.00,6.6,'2020-07-29 16:01:43.998387'),(48,'Singin in the Rain','Stanley Donen','[\'Comedy\', \' Musical\', \' Romance\']',84.00,8.4,'2020-07-29 16:01:43.998387'),(49,'On the Waterfront','Elia Kazan','[\'Crime\', \' Drama\', \' Romance\']',84.00,8.4,'2020-07-29 16:01:43.998387'),(50,'The General','Clyde Bruckman','[\'Comedy\', \' Romance\', \' War\', \' Action\']',84.00,8.4,'2020-07-29 16:01:43.998387'),(51,'Ghost Busters','Ivan Reitman','[\'Adventure\', \' Fantasy\', \' Mystery\']',78.00,7.8,'2020-07-29 16:01:43.998387'),(52,'Tarzan the Ape Man','W.S. Van Dyke','[\'Action\', \' Adventure\', \' Romance\']',71.00,7.1,'2020-07-29 16:01:43.998387'),(53,'His Majesty, the Scarecrow of Oz','L. Frank Baum','[\'Family\', \' Fantasy\', \' Adventure\', \' Comedy\']',60.00,6.0,'2020-07-29 16:01:43.998387'),(54,'The Twilight Zone','John Brahm','[\'Drama\', \' Fantasy\', \' Mystery\', \' Sci-Fi\', \' Thriller\']',95.00,9.5,'2020-07-29 16:01:43.998387'),(55,'The Great Train Robbery','Edwin S. Porter','[\'Short\', \' Western\']',75.00,7.5,'2020-07-29 16:01:43.998387'),(56,'Goldfinger','Guy Hamilton','[\'Action\', \' Adventure\', \' Thriller\']',79.00,7.9,'2020-07-29 16:01:43.998387'),(57,'La dolce vita','Federico Fellini','[\'Comedy\', \' Drama\']',81.00,8.1,'2020-07-29 16:01:43.998387'),(58,'Alien','Ridley Scott','[\'Adventure\', \' Horror\', \' Sci-Fi\', \' Thriller\']',85.00,8.5,'2020-07-29 16:01:43.998387'),(59,'Nosferatu, eine Symphonie des Grauens','F.W. Murnau','[\'Fantasy\', \' Horror\']',81.00,8.1,'2020-07-29 16:01:43.998387'),(60,'The Shining','Stanley Kubrick','[\'Horror\', \' Mystery\']',85.00,8.5,'2020-07-29 16:01:43.998387'),(61,'Dr. Strangelove or : How I Learned to Stop Worrying and Love the Bomb','Stanley Kubrick','[\'Comedy\', \' Drama\']',86.00,8.6,'2020-07-29 16:01:43.998387'),(62,'Scarface','Brian De Palma','[\'Crime\', \' Drama\', \' Thriller\']',82.00,8.2,'2020-07-29 16:01:43.998387'),(63,'Rocky','John G. Avildsen','[\'Drama\', \' Romance\', \' Sport\']',81.00,8.1,'2020-07-29 16:01:43.998387'),(64,'The Simpsons','Mark Kirkland','[\'Animation\', \' Comedy\']',90.00,9.0,'2020-07-29 16:01:43.998387'),(65,'Un chien andalou','Luis Bu1uel','[\'Short\', \' Fantasy\']',80.00,8.0,'2020-07-29 16:01:43.998387'),(66,'Dracula','Tod Browning','[\'Fantasy\', \' Horror\']',77.00,7.7,'2020-07-29 16:01:43.998387'),(67,'First Blood','Ted Kotcheff','[\'Action\', \' Adventure\', \' Drama\', \' Thriller\']',75.00,7.5,'2020-07-29 16:01:43.998387'),(68,'The Flintstones','Joseph Barbera','[\'Animation\', \' Family\', \' Comedy\']',80.00,8.0,'2020-07-29 16:01:43.998387'),(69,'Batman','Oscar Rudolph','[\'Action\', \' Adventure\', \' Comedy\', \' Crime\', \' Family\', \' Fantasy\', \' Mystery\', \' Sci-Fi\']',77.00,7.7,'2020-07-29 16:01:43.998387'),(70,'The Lost Patrol','John Ford','[\'Adventure\', \' War\']',70.00,7.0,'2020-07-29 16:01:43.998387'),(71,'I Am a Fugitive from a Chain Gang','Mervyn LeRoy','[\'Crime\', \' Drama\', \' Film-Noir\']',81.00,8.1,'2020-07-29 16:01:43.998387'),(72,'Back to the Future','Robert Zemeckis','[\'Adventure\', \' Family\', \' Sci-Fi\']',84.00,8.4,'2020-07-29 16:01:43.998387'),(73,'Deliverance','John Boorman','[\'Adventure\', \' Drama\', \' Thriller\']',79.00,7.9,'2020-07-29 16:01:43.998387'),(74,'Rebecca','Alfred Hitchcock','[\'Mystery\', \' Romance\', \' Thriller\']',84.00,8.4,'2020-07-29 16:01:43.998387'),(75,'The Scarecrow','Edward F. Cline','[\'Comedy\', \' Short\', \' Family\']',80.00,8.0,'2020-07-29 16:01:43.998387'),(76,'The Texas Chain Saw Massacre','Tobe Hooper','[\'Horror\', \' Mystery\', \' Thriller\']',75.00,7.5,'2020-07-29 16:01:43.998387'),(77,'The Bridge on the River Kwai','David Lean','[\'Adventure\', \' Drama\', \' War\']',84.00,8.4,'2020-07-29 16:01:43.998387'),(78,'Its a Wonderful Life','Frank Capra','[\'Drama\', \' Fantasy\', \' Romance\']',87.00,8.7,'2020-07-29 16:01:43.998387'),(79,'Sex, Lies, and Videotape','Steven Soderbergh','[\'Drama\']',71.00,7.1,'2020-07-29 16:01:43.998387'),(80,'Dirty Harry','Don Siegel','[\'Action\', \' Crime\', \' Thriller\']',79.00,7.9,'2020-07-29 16:01:43.998387'),(81,'My Fair Lady','George Cukor','[\'Drama\', \' Family\', \' Musical\', \' Romance\']',79.00,7.9,'2020-07-29 16:01:43.998387'),(82,'Dumbo','Samuel Armstrong','[\'Animation\', \' Family\', \' Musical\']',75.00,7.5,'2020-07-29 16:01:43.998387'),(83,'The Birds','Alfred Hitchcock','[\'Horror\', \' Romance\', \' Thriller\']',79.00,7.9,'2020-07-29 16:01:43.998387'),(84,'College','James W. Horne','[\'Comedy\', \' Drama\', \' Sport\']',72.00,7.2,'2020-07-29 16:01:43.998387'),(85,'Titanic','James Cameron','[\'Drama\', \' History\', \' Romance\']',74.00,7.4,'2020-07-29 16:01:43.998387'),(86,'Ben-Hur','William Wyler','[\'Action\', \' Adventure\', \' Drama\', \' History\', \' Romance\']',82.00,8.2,'2020-07-29 16:01:43.998387'),(87,'Pulp Fiction','Quentin Tarantino','[\'Crime\', \' Drama\']',90.00,9.0,'2020-07-29 16:01:43.998387'),(88,'Rear Window','Alfred Hitchcock','[\'Crime\', \' Mystery\', \' Romance\', \' Thriller\']',87.00,8.7,'2020-07-29 16:01:43.998387'),(89,'Aliens','James Cameron','[\'Action\', \' Sci-Fi\', \' Thriller\']',85.00,8.5,'2020-07-29 16:01:43.998387'),(90,'Algiers','John Cromwell','[\'Drama\', \' Mystery\', \' Romance\']',70.00,7.0,'2020-07-29 16:01:43.998387'),(91,'Greed','Erich von Stroheim','[\'Drama\']',81.00,8.1,'2020-07-29 16:01:43.998387'),(92,'The Silence of the Lambs','Jonathan Demme','[\'Crime\', \' Thriller\']',87.00,8.7,'2020-07-29 16:01:43.998387'),(93,'The Circus','Charles Chaplin','[\'Comedy\', \' Family\', \' Drama\', \' Romance\']',79.00,7.9,'2020-07-29 16:01:43.998387'),(94,'The X Files','Kim Manners','[\'Drama\', \' Mystery\', \' Sci-Fi\', \' Thriller\']',90.00,9.0,'2020-07-29 16:01:43.998387'),(95,'Terminator 2 : Judgment Day','James Cameron','[\'Action\', \' Sci-Fi\', \' Thriller\']',85.00,8.5,'2020-07-29 16:01:43.998387'),(96,'The Oprah Winfrey Show','Joseph C. Terry','[\'Talk-Show\']',60.00,6.0,'2020-07-29 16:01:43.998387'),(97,'The Graduate','Mike Nichols','[\'Comedy\', \' Drama\', \' Romance\']',82.00,8.2,'2020-07-29 16:01:43.998387'),(98,'The Bangville Police','Henry Lehrman','[\'Comedy\', \' Short\']',55.00,5.5,'2020-07-29 16:01:43.998387'),(99,'The Matrix','Andy Wachowski','[\'Action\', \' Adventure\', \' Sci-Fi\']',87.00,8.7,'2020-07-29 16:01:43.998387'),(100,'The Brady Bunch','Oscar Rudolph','[\'Comedy\', \' Family\']',70.00,7.0,'2020-07-29 16:01:43.998387'),(101,'Lawrence of Arabia','David Lean','[\'Adventure\', \' Biography\', \' Drama\', \' History\', \' War\']',85.00,8.5,'2020-07-29 16:01:43.998387'),(102,'A Nightmare on Elm Street','Wes Craven','[\'Horror\', \' Mystery\']',74.00,7.4,'2020-07-29 16:01:43.998387'),(103,'Pygmalion','George Schaefer','[\'Comedy\', \' Drama\']',78.00,7.8,'2020-07-29 16:01:43.998387'),(104,'North by Northwest','Alfred Hitchcock','[\'Adventure\', \' Drama\', \' Mystery\', \' Romance\', \' Thriller\']',86.00,8.6,'2020-07-29 16:01:43.998387'),(105,'The Sound of Music','Robert Wise','[\'Biography\', \' Drama\', \' Family\', \' Musical\']',79.00,7.9,'2020-07-29 16:01:43.998387'),(106,'Gilligans Island','Jack Arnold','[\'Comedy\', \' Family\']',78.00,7.8,'2020-07-29 16:01:43.998387'),(107,'Bambi','James Algar','[\'Animation\', \' Drama\', \' Family\']',76.00,7.6,'2020-07-29 16:01:43.998387'),(108,'West Side Story','Jerome Robbins','[\'Crime\', \' Drama\', \' Musical\', \' Romance\']',78.00,7.8,'2020-07-29 16:01:43.998387'),(109,'From Here to Eternity','Fred Zinnemann','[\'Drama\', \' Romance\', \' War\']',79.00,7.9,'2020-07-29 16:01:43.998387'),(110,'Halloween','John Carpenter','[\'Horror\', \' Thriller\']',79.00,7.9,'2020-07-29 16:01:43.998387'),(111,'I Love Lucy','William Asher','[\'Comedy\', \' Family\']',90.00,9.0,'2020-07-29 16:01:43.998387'),(112,'Mad Love','Karl Freund','[\'Romance\', \' Horror\']',74.00,7.4,'2020-07-29 16:01:43.998387'),(113,'Blade Runner','Ridley Scott','[\'Drama\', \' Sci-Fi\', \' Thriller\']',83.00,8.3,'2020-07-29 16:01:43.998387'),(114,'Mary Poppins','Robert Stevenson','[\'Comedy\', \' Family\', \' Fantasy\', \' Musical\']',77.00,7.7,'2020-07-29 16:01:43.998387'),(115,'Star Wars : Episode VI - Return of the Jedi','Richard Marquand','[\'Action\', \' Adventure\', \' Fantasy\', \' Sci-Fi\']',83.00,8.3,'2020-07-29 16:01:43.998387'),(116,'Close Encounters of the Third Kind','Steven Spielberg','[\'Drama\', \' Sci-Fi\']',78.00,7.8,'2020-07-29 16:01:43.998387'),(117,'Shichinin no samurai','Akira Kurosawa','[\'Adventure\', \' Drama\']',88.00,8.8,'2020-07-29 16:01:43.998387'),(118,'Bride of Frankenstein','James Whale','[\'Horror\', \' Sci-Fi\']',80.00,8.0,'2020-07-29 16:01:43.998387'),(119,'The Treasure of the Sierra Madre','John Huston','[\'Adventure\', \' Drama\', \' Western\', \' Action\']',85.00,8.5,'2020-07-29 16:01:43.998387'),(120,'5 Against the House','Phil Karlson','[\'Drama\', \' Crime\', \' Film-Noir\']',60.00,6.0,'2020-07-29 16:01:43.998387'),(121,'Kagemusha','Akira Kurosawa','[\'Drama\', \' History\', \' War\']',79.00,7.9,'2020-07-29 16:01:43.998387'),(122,'His Trust Fulfilled','D.W. Griffith','[\'Short\', \' Drama\']',47.00,4.7,'2020-07-29 16:01:43.998387'),(123,'His Trust','D.W. Griffith','[\'Short\', \' Drama\', \' War\']',53.00,5.3,'2020-07-29 16:01:43.998387'),(124,'Gojira','Ishirccab Honda','[\'Drama\', \' Horror\', \' Sci-Fi\', \' Thriller\']',73.00,7.3,'2020-07-29 16:01:43.998387'),(125,'Spartacus','Stanley Kubrick','[\'Action\', \' Adventure\', \' Biography\', \' Drama\', \' History\']',80.00,8.0,'2020-07-29 16:01:43.998387'),(126,'Dreams of the Rarebit Fiend : The Pet','Winsor McCay','[\'Animation\', \' Short\']',71.00,7.1,'2020-07-29 16:01:43.998387'),(127,'The Maltese Falcon','John Huston','[\'Crime\', \' Film-Noir\', \' Mystery\']',84.00,8.4,'2020-07-29 16:01:43.998387'),(128,'Planet of the Apes','Franklin J. Schaffner','[\'Adventure\', \' Mystery\', \' Sci-Fi\']',80.00,8.0,'2020-07-29 16:01:43.998387'),(129,'The Sea Hawk','Frank Lloyd','[\'Adventure\', \' Drama\', \' Romance\']',72.00,7.2,'2020-07-29 16:01:43.998387'),(130,'All Quiet on the Western Front','Lewis Milestone','[\'Action\', \' Drama\', \' History\', \' War\']',82.00,8.2,'2020-07-29 16:01:43.998387'),(131,'Der Golem, wie er in die Welt kam','Carl Boese','[\'Fantasy\', \' Horror\']',74.00,7.4,'2020-07-29 16:01:43.998387'),(132,'In Like Flint','Gordon Douglas','[\'Action\', \' Adventure\', \' Comedy\', \' Sci-Fi\']',59.00,5.9,'2020-07-29 16:01:43.998387'),(133,'The Bells of St. Marys','Leo McCarey','[\'Drama\', \' Family\']',74.00,7.4,'2020-07-29 16:01:43.998387'),(134,'Duel','Steven Spielberg','[\'Mystery\', \' Thriller\']',77.00,7.7,'2020-07-29 16:01:43.998387'),(135,'Stachka','Sergei M. Eisenstein','[\'Drama\']',78.00,7.8,'2020-07-29 16:01:43.998387'),(136,'Oklahoma!','Fred Zinnemann','[\'Musical\', \' Romance\', \' Western\']',71.00,7.1,'2020-07-29 16:01:43.998387'),(137,'At Land','Maya Deren','[\'Short\']',74.00,7.4,'2020-07-29 16:01:43.998387'),(138,'Jurassic Park','Steven Spielberg','[\'Action\', \' Adventure\', \' Family\', \' Sci-Fi\']',79.00,7.9,'2020-07-29 16:01:43.998387'),(139,'Stagecoach','John Ford','[\'Action\', \' Drama\', \' Romance\', \' Western\']',79.00,7.9,'2020-07-29 16:01:43.998387'),(140,'Paths of Glory','Stanley Kubrick','[\'Crime\', \' Drama\', \' War\']',86.00,8.6,'2020-07-29 16:01:43.998387'),(141,'Happy Days','Jerry Paris','[\'Comedy\', \' Family\', \' Music\']',77.00,7.7,'2020-07-29 16:01:43.998387'),(142,'Saturday Night Fever','John Badham','[\'Drama\', \' Music\', \' Romance\']',68.00,6.8,'2020-07-29 16:01:43.998387'),(143,'The Philadelphia Story','George Cukor','[\'Comedy\', \' Romance\']',81.00,8.1,'2020-07-29 16:01:43.998387'),(144,'8xe5','Federico Fellini','[\'Drama\', \' Fantasy\']',82.00,8.2,'2020-07-29 16:01:43.998387'),(145,'Doctor Who','Douglas Camfield','[\'Adventure\', \' Drama\', \' Sci-Fi\']',86.00,8.6,'2020-07-29 16:01:43.998387'),(146,'M','Fritz Lang','[\'Crime\', \' Thriller\']',86.00,8.6,'2020-07-29 16:01:43.998387'),(147,'Moby Dick','John Huston','[\'Adventure\', \' Drama\']',74.00,7.4,'2020-07-29 16:01:43.998387'),(148,'Carrie','Brian De Palma','[\'Horror\', \' Thriller\']',74.00,7.4,'2020-07-29 16:01:43.998387'),(149,'Rebel Without a Cause','Nicholas Ray','[\'Drama\', \' Romance\']',79.00,7.9,'2020-07-29 16:01:43.998387'),(150,'Superman','Richard Donner','[\'Action\', \' Adventure\', \' Family\', \' Sci-Fi\']',73.00,7.3,'2020-07-29 16:01:43.998387'),(151,'The Muppet Show','Peter Harris','[\'Comedy\', \' Family\', \' Music\']',88.00,8.8,'2020-07-29 16:01:43.998387'),(152,'Pinocchio','Norman Ferguson','[\'Animation\', \' Drama\', \' Family\', \' Fantasy\', \' Music\']',77.00,7.7,'2020-07-29 16:01:43.998387'),(153,'21-87','Arthur Lipsett','[\'Short\']',75.00,7.5,'2020-07-29 16:01:43.998387'),(154,'Scooby Doo, Where Are You!','Joseph Barbera','[\'Animation\', \' Family\', \' Mystery\', \' Comedy\', \' Adventure\']',81.00,8.1,'2020-07-29 16:01:43.998387'),(155,'Animal Farm','Joy Batchelor','[\'Animation\', \' Drama\']',71.00,7.1,'2020-07-29 16:01:43.998387'),(156,'Swing Your Lady','Ray Enright','[\'Comedy\', \' Music\', \' Romance\', \' Sport\']',48.00,4.8,'2020-07-29 16:01:43.998387'),(157,'Shane','George Stevens','[\'Drama\', \' Western\']',78.00,7.8,'2020-07-29 16:01:43.998387'),(158,'The Karate Kid','John G. Avildsen','[\'Drama\', \' Family\', \' Sport\']',69.00,6.9,'2020-07-29 16:01:43.998387'),(159,'Jeopardy!','Kevin McCarthy','[\'Game-Show\']',86.00,8.6,'2020-07-29 16:01:43.998387'),(160,'Leave It to Beaver','Norman Tokar','[\'Comedy\', \' Family\']',82.00,8.2,'2020-07-29 16:01:43.998387'),(161,'Bonnie and Clyde','Arthur Penn','[\'Biography\', \' Crime\', \' Drama\', \' Romance\']',80.00,8.0,'2020-07-29 16:01:43.998387'),(162,'One Flew Over the Cuckoos Nest','Milos Forman','[\'Drama\']',89.00,8.9,'2020-07-29 16:01:43.998387'),(163,'Saturday Night Live','Dave Wilson','[\'Comedy\', \' Music\']',81.00,8.1,'2020-07-29 16:01:43.998387'),(164,'Cera una volta il West','Sergio Leone','[\'Western\']',88.00,8.8,'2020-07-29 16:01:43.998387'),(165,'Sunrise : A Song of Two Humans','F.W. Murnau','[\'Drama\', \' Romance\']',84.00,8.4,'2020-07-29 16:01:43.998387'),(166,'The Lion King','Roger Allers','[\'Animation\', \' Adventure\', \' Drama\', \' Family\', \' Musical\']',82.00,8.2,'2020-07-29 16:01:43.998387'),(167,'Plane Crazy','Walt Disney','[\'Animation\', \' Family\', \' Comedy\', \' Short\']',75.00,7.5,'2020-07-29 16:01:43.998387'),(168,'60 Minutes','Rob Klug','[\'Documentary\', \' News\']',64.00,6.4,'2020-07-29 16:01:43.998387'),(169,'Lolita','Stanley Kubrick','[\'Drama\', \' Romance\']',77.00,7.7,'2020-07-29 16:01:43.998387'),(170,'Die Hard','John McTiernan','[\'Action\', \' Crime\', \' Thriller\']',83.00,8.3,'2020-07-29 16:01:43.998387'),(171,'Laura','Otto Preminger','[\'Crime\', \' Film-Noir\', \' Mystery\', \' Romance\', \' Thriller\']',82.00,8.2,'2020-07-29 16:01:43.998387'),(172,'Easy Rider','Dennis Hopper','[\'Crime\', \' Drama\']',73.00,7.3,'2020-07-29 16:01:43.998387'),(173,'Invasion of the Body Snatchers','Don Siegel','[\'Horror\', \' Sci-Fi\', \' Thriller\']',80.00,8.0,'2020-07-29 16:01:43.998387'),(174,'Lanncca9e derniccacre ccca Marienbad','Alain Resnais','[\'Drama\', \' Mystery\', \' Romance\']',78.00,7.8,'2020-07-29 16:01:43.998387'),(175,'Lady in a Cage','Walter Grauman','[\'Drama\', \' Thriller\']',68.00,6.8,'2020-07-29 16:01:43.998387'),(176,'The Evil Dead','Sam Raimi','[\'Horror\']',76.00,7.6,'2020-07-29 16:01:43.998387'),(177,'The Tonight Show Starring Johnny Carson','Bobby Quinn','[\'Comedy\', \' Music\', \' Talk-Show\']',83.00,8.3,'2020-07-29 16:01:43.998387'),(178,'Top Gun','Tony Scott','[\'Action\', \' Drama\', \' Romance\']',66.00,6.6,'2020-07-29 16:01:43.998387'),(179,'You Only Live Twice','Lewis Gilbert','[\'Action\', \' Adventure\', \' Sci-Fi\', \' Thriller\']',69.00,6.9,'2020-07-29 16:01:43.998387'),(180,'From Russia with Love','Terence Young','[\'Action\', \' Adventure\', \' Romance\', \' Thriller\']',75.00,7.5,'2020-07-29 16:01:43.998387'),(181,'The Lone Ranger','Hollingsworth Morse','[\'Adventure\', \' Western\', \' Family\']',81.00,8.1,'2020-07-29 16:01:43.998387'),(182,'Deep Throat','Gerard Damiano','[\'Adult\', \' Comedy\']',52.00,5.2,'2020-07-29 16:01:43.998387'),(183,'Shock Corridor','Samuel Fuller','[\'Drama\', \' Mystery\']',76.00,7.6,'2020-07-29 16:01:43.998387'),(184,'Enter the Dragon','Robert Clouse','[\'Action\', \' Crime\', \' Drama\', \' Thriller\']',76.00,7.6,'2020-07-29 16:01:43.998387'),(185,'The Magnificent Seven','John Sturges','[\'Western\', \' Adventure\', \' Drama\']',78.00,7.8,'2020-07-29 16:01:43.998387'),(186,'Underworld','Josef von Sternberg','[\'Crime\', \' Drama\']',77.00,7.7,'2020-07-29 16:01:43.998387'),(187,'She Wore a Yellow Ribbon','John Ford','[\'Western\']',73.00,7.3,'2020-07-29 16:01:43.998387'),(188,'Un dans la ville','Edouard Molinaro','[\'Drama\', \' Thriller\']',67.00,6.7,'2020-07-29 16:01:43.998387'),(189,'Batman','Tim Burton','[\'Crime\', \' Drama\', \' Thriller\']',76.00,7.6,'2020-07-29 16:01:43.998387'),(190,'Cinderella','Clyde Geronimi','[\'Animation\', \' Family\', \' Fantasy\', \' Musical\', \' Romance\']',74.00,7.4,'2020-07-29 16:01:43.998387'),(191,'Tarzans Magic Fountain','Lee Sholem','[\'Action\', \' Adventure\', \' Fantasy\', \' Romance\']',55.00,5.5,'2020-07-29 16:01:43.998387'),(192,'High Noon','Fred Zinnemann','[\'Drama\', \' Western\']',83.00,8.3,'2020-07-29 16:01:43.998387'),(193,'Triumph des Willens','Leni Riefenstahl','[\'Documentary\', \' War\']',77.00,7.7,'2020-07-29 16:01:43.998387'),(194,'Mr. Smith Goes to Washington','Frank Capra','[\'Drama\']',84.00,8.4,'2020-07-29 16:01:43.998387'),(195,'Grease','Randal Kleiser','[\'Musical\', \' Romance\']',70.00,7.0,'2020-07-29 16:01:43.998387'),(196,'Intolerance : Loves Struggle Throughout the Ages','D.W. Griffith','[\'Drama\', \' History\', \' Romance\']',81.00,8.1,'2020-07-29 16:01:43.998387'),(197,'Reservoir Dogs','Quentin Tarantino','[\'Crime\', \' Mystery\', \' Thriller\']',84.00,8.4,'2020-07-29 16:01:43.998387'),(198,'A Place in the Sun','George Stevens','[\'Drama\', \' Romance\']',78.00,7.8,'2020-07-29 16:01:43.998387'),(199,'The Third Man','Carol Reed','[\'Film-Noir\', \' Mystery\', \' Thriller\']',85.00,8.5,'2020-07-29 16:01:43.998387'),(200,'The Gold Rush','Charles Chaplin','[\'Adventure\', \' Comedy\', \' Family\', \' Romance\', \' Western\']',83.00,8.3,'2020-07-29 16:01:43.998387'),(201,'The Ten Commandments','Cecil B. DeMille','[\'Adventure\', \' Drama\', \' History\']',79.00,7.9,'2020-07-29 16:01:43.998387'),(202,'My Darling Clementine','John Ford','[\'Drama\', \' Western\']',79.00,7.9,'2020-07-29 16:01:43.998387'),(203,'Sunset Blvd.','Billy Wilder','[\'Drama\', \' Film-Noir\']',87.00,8.7,'2020-07-29 16:01:43.998387'),(204,'Friday the 13th','Sean S. Cunningham','[\'Horror\', \' Mystery\', \' Thriller\']',63.00,6.3,'2020-07-29 16:01:43.998387'),(205,'The Great Escape','John Sturges','[\'Adventure\', \' Drama\', \' History\', \' War\']',83.00,8.3,'2020-07-29 16:01:43.998387'),(206,'Play Misty for Me','Clint Eastwood','[\'Crime\', \' Drama\', \' Romance\', \' Thriller\']',70.00,7.0,'2020-07-29 16:01:43.998387'),(207,'Jerry Maguire','Cameron Crowe','[\'Comedy\', \' Drama\', \' Romance\', \' Sport\']',73.00,7.3,'2020-07-29 16:01:43.998387'),(208,'The Enforcer','Bretaigne Windust','[\'Drama\', \' Crime\', \' Film-Noir\']',73.00,7.3,'2020-07-29 16:01:43.998387'),(209,'Fantastic Voyage','Richard Fleischer','[\'Adventure\', \' Sci-Fi\']',68.00,6.8,'2020-07-29 16:01:43.998387'),(210,'Butch Cassidy and the Sundance Kid','George Roy Hill','[\'Adventure\', \' Crime\', \' Drama\', \' Western\']',82.00,8.2,'2020-07-29 16:01:43.998387'),(211,'The Andy Griffith Show','Bob Sweeney','[\'Comedy\', \' Family\']',86.00,8.6,'2020-07-29 16:01:43.998387'),(212,'The Blues Brothers','John Landis','[\'Action\', \' Comedy\', \' Music\', \' Musical\']',79.00,7.9,'2020-07-29 16:01:43.998387'),(213,'Forrest Gump','Robert Zemeckis','[\'Drama\', \' Romance\']',86.00,8.6,'2020-07-29 16:01:43.998387'),(214,'Some Like It Hot','Billy Wilder','[\'Comedy\']',84.00,8.4,'2020-07-29 16:01:43.998387'),(215,'American Idol : The Search for a Superstar','Bruce Gowers','[\'Game-Show\', \' Music\', \' Reality-TV\']',48.00,4.8,'2020-07-29 16:01:43.998387'),(216,'Fight Club','David Fincher','[\'Drama\', \' Mystery\', \' Thriller\']',88.00,8.8,'2020-07-29 16:01:43.998387'),(217,'Revenge of the Creature','Jack Arnold','[\'Horror\', \' Sci-Fi\']',51.00,5.1,'2020-07-29 16:01:43.998387'),(218,'Chinatown','Roman Polanski','[\'Drama\', \' Mystery\', \' Thriller\']',85.00,8.5,'2020-07-29 16:01:43.998387'),(219,'The Wild Bunch','Sam Peckinpah','[\'Action\', \' Western\']',81.00,8.1,'2020-07-29 16:01:43.998387'),(220,'The Lord of the Rings : The Fellowship of the Ring','Peter Jackson','[\'Action\', \' Adventure\', \' Fantasy\']',88.00,8.8,'2020-07-29 16:01:43.998387'),(221,'Mutiny on the Bounty','Frank Lloyd','[\'Adventure\', \' Drama\', \' History\']',79.00,7.9,'2020-07-29 16:01:43.998387'),(222,'El','Luis el','[\'Drama\', \' Romance\']',78.00,7.8,'2020-07-29 16:01:43.998387'),(223,'Full Metal Jacket','Stanley Kubrick','[\'Drama\', \' War\']',84.00,8.4,'2020-07-29 16:01:43.998387'),(224,'The Pride and the Passion','Stanley Kramer','[\'Action\', \' Adventure\', \' Drama\', \' Romance\', \' War\']',55.00,5.5,'2020-07-29 16:01:43.998387'),(225,'This Is Spinal Tap','Rob Reiner','[\'Comedy\', \' Music\']',80.00,8.0,'2020-07-29 16:01:43.998387'),(226,'Winchester 73','Anthony Mann','[\'Western\']',78.00,7.8,'2020-07-29 16:01:43.998387'),(227,'Star Trek : The Next Generation','Cliff Bole','[\'Action\', \' Adventure\', \' Sci-Fi\']',88.00,8.8,'2020-07-29 16:01:43.998387'),(228,'Kojak','Charles S. Dubin','[\'Crime\', \' Drama\', \' Mystery\']',73.00,7.3,'2020-07-29 16:01:43.998387'),(229,'Gryozy','Yevgeni Bauer','[\'Drama\', \' Short\']',74.00,7.4,'2020-07-29 16:01:43.998387'),(230,'Baywatch','Gregory J. Bonann','[\'Drama\', \' Action\', \' Adventure\']',49.00,4.9,'2020-07-29 16:01:43.998387'),(231,'Heavy Metal','Gerald Potterton','[\'Animation\', \' Action\', \' Adventure\', \' Comedy\', \' Crime\', \' Fantasy\', \' Horror\', \' Sci-Fi\']',64.00,6.4,'2020-07-29 16:01:43.998387'),(232,'The Day the Earth Stood Still','Robert Wise','[\'Drama\', \' Sci-Fi\', \' Thriller\']',80.00,8.0,'2020-07-29 16:01:43.998387'),(233,'Three Little Pigs','Burt Gillett','[\'Animation\', \' Musical\', \' Family\', \' Comedy\', \' Short\']',77.00,7.7,'2020-07-29 16:01:43.998387'),(234,'The Public Enemy','William A. Wellman','[\'Action\', \' Crime\', \' Drama\']',78.00,7.8,'2020-07-29 16:01:43.998387'),(235,'The Rocky Horror Picture Show','Jim Sharman','[\'Comedy\', \' Musical\']',71.00,7.1,'2020-07-29 16:01:43.998387'),(236,'Rain Man','Barry Levinson','[\'Drama\']',80.00,8.0,'2020-07-29 16:01:43.998387'),(237,'Latalante','Jean Vigo','[\'Drama\', \' Romance\']',80.00,8.0,'2020-07-29 16:01:43.998387'),(238,'Persona','Ingmar Bergman','[\'Drama\', \' Fantasy\']',82.00,8.2,'2020-07-29 16:01:43.998387'),(239,'Dawn of the Dead','George A. Romero','[\'Action\', \' Horror\']',80.00,8.0,'2020-07-29 16:01:43.998387'),(240,'Bonanza','William F. Claxton','[\'Action\', \' Comedy\', \' Drama\', \' Romance\', \' War\', \' Western\']',74.00,7.4,'2020-07-29 16:01:43.998387'),(241,'Fatal Attraction','Adrian Lyne','[\'Drama\', \' Thriller\']',68.00,6.8,'2020-07-29 16:01:43.998387'),(242,'It! The Terror from Beyond Space','Edward L. Cahn','[\'Horror\', \' Sci-Fi\']',60.00,6.0,'2020-07-29 16:01:43.998387'),(243,'Toast of the Town','John Moffitt','[\'Comedy\', \' Music\']',83.00,8.3,'2020-07-29 16:01:43.998387'),(244,'The French Connection','William Friedkin','[\'Action\', \' Crime\', \' Thriller\']',79.00,7.9,'2020-07-29 16:01:43.998387'),(245,'Peter Pan','Clyde Geronimi','[\'Animation\', \' Adventure\', \' Family\', \' Fantasy\', \' Music\']',73.00,7.3,'2020-07-29 16:01:43.998387'),(246,'Miami Vice','John Nicolella','[\'Action\', \' Crime\', \' Drama\', \' Thriller\']',78.00,7.8,'2020-07-29 16:01:43.998387'),(247,'Star Wars : Episode I - The Phantom Menace','George Lucas','[\'Action\', \' Adventure\', \' Fantasy\', \' Sci-Fi\']',64.00,6.4,'2020-07-29 16:01:43.998387'),(248,'Goodfellas','Martin Scorsese','[\'Crime\', \' Drama\', \' Thriller\']',88.00,8.8,'2020-07-29 16:01:43.998387'),(249,'The Egyptian','Michael Curtiz','[\'Drama\', \' History\']',62.00,6.2,'2020-07-29 16:01:43.998387'),(250,'Hawaii Five-O','Michael OHerlihy','[\'Crime\', \' Drama\', \' Mystery\']',76.00,7.6,'2020-07-29 16:01:43.998387'),(251,'Charlies Angels','Dennis Donnelly','[\'Action\', \' Adventure\', \' Crime\', \' Drama\', \' Mystery\']',66.00,6.6,'2020-07-29 16:01:43.998387'),(252,'The Wizard of Oz','Victor Fleming','[\'Adventure\', \' Family\', \' Fantasy\', \' Musical\']',83.00,8.3,'2020-07-29 16:02:38.515255'),(253,'Star Wars','George Lucas','[\'Action\', \' Adventure\', \' Fantasy\', \' Sci-Fi\']',88.00,8.8,'2020-07-29 16:02:38.515255'),(254,'Cabiria','Giovanni Pastrone','[\'Adventure\', \' Drama\', \' War\']',66.00,6.6,'2020-07-29 16:02:38.515255'),(255,'Psycho','Alfred Hitchcock','[\'Horror\', \' Mystery\', \' Thriller\']',87.00,8.7,'2020-07-29 16:02:38.515255'),(256,'King Kong','Merian C. Cooper','[\'Adventure\', \' Fantasy\', \' Horror\']',80.00,8.0,'2020-07-29 16:02:38.515255'),(257,'Metropolis','Fritz Lang','[\'Adventure\', \' Drama\', \' Sci-Fi\']',84.00,8.4,'2020-07-29 16:02:38.515255'),(258,'Star Trek','Marc Daniels','[\'Adventure\', \' Sci-Fi\']',86.00,8.6,'2020-07-29 16:02:38.515255'),(259,'Casablanca','Michael Curtiz','[\'Drama\', \' Romance\', \' War\']',88.00,8.8,'2020-07-29 16:02:38.515255'),(260,'Snow White and the Seven Dwarfs','William Cottrell','[\'Animation\', \' Family\', \' Fantasy\', \' Musical\', \' Romance\']',79.00,7.9,'2020-07-29 16:02:38.515255'),(261,'2001 : A Space Odyssey','Stanley Kubrick','[\'Adventure\', \' Mystery\', \' Sci-Fi\']',84.00,8.4,'2020-07-29 16:02:38.515255'),(262,'The Godfather','Francis Ford Coppola','[\'Crime\', \' Drama\']',92.00,9.2,'2020-07-29 16:02:38.515255'),(263,'The Birth of a Nation','D.W. Griffith','[\'Drama\', \' History\', \' Romance\', \' War\', \' Western\']',71.00,7.1,'2020-07-29 16:02:38.515255'),(264,'Shadow of a Doubt','Alfred Hitchcock','[\'Crime\', \' Film-Noir\', \' Mystery\', \' Thriller\']',81.00,8.1,'2020-07-29 16:02:38.515255'),(265,'Jaws','Steven Spielberg','[\'Thriller\']',83.00,8.3,'2020-07-29 16:02:38.515255'),(266,'Snow White','J. Searle Dawley','[\'Fantasy\', \' Romance\']',64.00,6.4,'2020-07-29 16:02:38.515255'),(267,'Apocalypse Now','Francis Ford Coppola','[\'Drama\', \' War\']',86.00,8.6,'2020-07-29 16:02:38.515255'),(268,'Gone with the Wind','Victor Fleming','[\'Drama\', \' Romance\', \' War\']',82.00,8.2,'2020-07-29 16:02:38.515255'),(269,'The Merry Widow','Ernst Lubitsch','[\'Musical\', \' Comedy\', \' Romance\']',76.00,7.6,'2020-07-29 16:02:38.515255'),(270,'The Searchers','John Ford','[\'Adventure\', \' Drama\', \' Western\']',81.00,8.1,'2020-07-29 16:02:38.515255'),(271,'Vertigo','Alfred Hitchcock','[\'Crime\', \' Mystery\', \' Romance\', \' Thriller\']',86.00,8.6,'2020-07-29 16:02:38.515255'),(272,'Dr. No','Terence Young','[\'Action\', \' Adventure\', \' Thriller\']',73.00,7.3,'2020-07-29 16:02:38.515255'),(273,'Touch of Evil','Orson Welles','[\'Crime\', \' Film-Noir\', \' Thriller\']',83.00,8.3,'2020-07-29 16:02:38.515255'),(274,'Chang : A Drama of the Wilderness','Merian C. Cooper','[\'Adventure\', \' Documentary\']',74.00,7.4,'2020-07-29 16:02:38.515255'),(275,'The Exorcist','William Friedkin','[\'Horror\']',81.00,8.1,'2020-07-29 16:02:38.515255'),(276,'Citizen Kane','Orson Welles','[\'Drama\', \' Mystery\']',86.00,8.6,'2020-07-29 16:02:38.515255'),(277,'The Terminator','James Cameron','[\'Action\', \' Sci-Fi\', \' Thriller\']',81.00,8.1,'2020-07-29 16:02:38.515255'),(278,'Rosemarys Baby','Roman Polanski','[\'Drama\', \' Horror\', \' Mystery\']',81.00,8.1,'2020-07-29 16:02:38.515255'),(279,'Bronenosets Potyomkin','Sergei M. Eisenstein','[\'Drama\', \' History\', \' War\']',81.00,8.1,'2020-07-29 16:02:38.515255'),(280,'Star Wars : Episode V - The Empire Strikes Back','Irvin Kershner','[\'Action\', \' Adventure\', \' Sci-Fi\']',88.00,8.8,'2020-07-29 16:02:38.515255'),(281,'The Lost World','Harry O. Hoyt','[\'Adventure\', \' Fantasy\', \' Horror\', \' Sci-Fi\', \' Thriller\']',71.00,7.1,'2020-07-29 16:02:38.515255'),(282,'A Clockwork Orange','Stanley Kubrick','[\'Crime\', \' Drama\', \' Sci-Fi\']',85.00,8.5,'2020-07-29 16:02:38.515255'),(283,'Frankenstein','James Whale','[\'Drama\', \' Horror\', \' Sci-Fi\']',80.00,8.0,'2020-07-29 16:02:38.515255'),(284,'Sesame Street','Lisa Simon','[\'Animation\', \' Comedy\', \' Family\', \' Fantasy\', \' Music\']',85.00,8.5,'2020-07-29 16:02:38.515255'),(285,'La grande illusion','Jean Renoir','[\'Drama\', \' War\']',82.00,8.2,'2020-07-29 16:02:38.515255'),(286,'Raiders of the Lost Ark','Steven Spielberg','[\'Action\', \' Adventure\']',87.00,8.7,'2020-07-29 16:02:38.515255'),(287,'Night of the Living Dead','George A. Romero','[\'Horror\', \' Mystery\']',80.00,8.0,'2020-07-29 16:02:38.515255'),(288,'The Wizard of Oz','Larry Semon','[\'Comedy\', \' Family\', \' Fantasy\', \' Adventure\']',53.00,5.3,'2020-07-29 16:02:38.515255'),(289,'THX 1138','George Lucas','[\'Drama\', \' Mystery\', \' Sci-Fi\', \' Thriller\']',68.00,6.8,'2020-07-29 16:02:38.515255'),(290,'E.T. : The Extra-Terrestrial','Steven Spielberg','[\'Adventure\', \' Drama\', \' Family\', \' Fantasy\', \' Sci-Fi\']',79.00,7.9,'2020-07-29 16:02:38.515255'),(291,'The Poor Little Rich Girl','Maurice Tourneur','[\'Comedy\', \' Drama\']',69.00,6.9,'2020-07-29 16:02:38.515255'),(292,'The Tin Man','James Parrott','[\'Short\', \' Adventure\', \' Comedy\']',46.00,4.6,'2020-07-29 16:02:38.515255'),(293,'Taxi Driver','Martin Scorsese','[\'Drama\', \' Thriller\']',86.00,8.6,'2020-07-29 16:02:38.515255'),(294,'Il buono, il brutto, il cattivo.','Sergio Leone','[\'Adventure\', \' Western\']',90.00,9.0,'2020-07-29 16:02:38.515255'),(295,'The Battle at Elderbush Gulch','D.W. Griffith','[\'Short\', \' Action\', \' Western\']',66.00,6.6,'2020-07-29 16:02:38.515255'),(296,'Singin in the Rain','Stanley Donen','[\'Comedy\', \' Musical\', \' Romance\']',84.00,8.4,'2020-07-29 16:02:38.515255'),(297,'On the Waterfront','Elia Kazan','[\'Crime\', \' Drama\', \' Romance\']',84.00,8.4,'2020-07-29 16:02:38.515255'),(298,'The General','Clyde Bruckman','[\'Comedy\', \' Romance\', \' War\', \' Action\']',84.00,8.4,'2020-07-29 16:02:38.515255'),(299,'Ghost Busters','Ivan Reitman','[\'Adventure\', \' Fantasy\', \' Mystery\']',78.00,7.8,'2020-07-29 16:02:38.515255'),(300,'Tarzan the Ape Man','W.S. Van Dyke','[\'Action\', \' Adventure\', \' Romance\']',71.00,7.1,'2020-07-29 16:02:38.515255'),(301,'His Majesty, the Scarecrow of Oz','L. Frank Baum','[\'Family\', \' Fantasy\', \' Adventure\', \' Comedy\']',60.00,6.0,'2020-07-29 16:02:38.515255'),(302,'The Twilight Zone','John Brahm','[\'Drama\', \' Fantasy\', \' Mystery\', \' Sci-Fi\', \' Thriller\']',95.00,9.5,'2020-07-29 16:02:38.515255'),(303,'The Great Train Robbery','Edwin S. Porter','[\'Short\', \' Western\']',75.00,7.5,'2020-07-29 16:02:38.515255'),(304,'Goldfinger','Guy Hamilton','[\'Action\', \' Adventure\', \' Thriller\']',79.00,7.9,'2020-07-29 16:02:38.515255'),(305,'La dolce vita','Federico Fellini','[\'Comedy\', \' Drama\']',81.00,8.1,'2020-07-29 16:02:38.515255'),(306,'Alien','Ridley Scott','[\'Adventure\', \' Horror\', \' Sci-Fi\', \' Thriller\']',85.00,8.5,'2020-07-29 16:02:38.515255'),(307,'Nosferatu, eine Symphonie des Grauens','F.W. Murnau','[\'Fantasy\', \' Horror\']',81.00,8.1,'2020-07-29 16:02:38.515255'),(308,'The Shining','Stanley Kubrick','[\'Horror\', \' Mystery\']',85.00,8.5,'2020-07-29 16:02:38.515255'),(309,'Dr. Strangelove or : How I Learned to Stop Worrying and Love the Bomb','Stanley Kubrick','[\'Comedy\', \' Drama\']',86.00,8.6,'2020-07-29 16:02:38.515255'),(310,'Scarface','Brian De Palma','[\'Crime\', \' Drama\', \' Thriller\']',82.00,8.2,'2020-07-29 16:02:38.515255'),(311,'Rocky','John G. Avildsen','[\'Drama\', \' Romance\', \' Sport\']',81.00,8.1,'2020-07-29 16:02:38.515255'),(312,'The Simpsons','Mark Kirkland','[\'Animation\', \' Comedy\']',90.00,9.0,'2020-07-29 16:02:38.515255'),(313,'Un chien andalou','Luis Bu1uel','[\'Short\', \' Fantasy\']',80.00,8.0,'2020-07-29 16:02:38.515255'),(314,'Dracula','Tod Browning','[\'Fantasy\', \' Horror\']',77.00,7.7,'2020-07-29 16:02:38.515255'),(315,'First Blood','Ted Kotcheff','[\'Action\', \' Adventure\', \' Drama\', \' Thriller\']',75.00,7.5,'2020-07-29 16:02:38.515255'),(316,'The Flintstones','Joseph Barbera','[\'Animation\', \' Family\', \' Comedy\']',80.00,8.0,'2020-07-29 16:02:38.515255'),(317,'Batman','Oscar Rudolph','[\'Action\', \' Adventure\', \' Comedy\', \' Crime\', \' Family\', \' Fantasy\', \' Mystery\', \' Sci-Fi\']',77.00,7.7,'2020-07-29 16:02:38.515255'),(318,'The Lost Patrol','John Ford','[\'Adventure\', \' War\']',70.00,7.0,'2020-07-29 16:02:38.515255'),(319,'I Am a Fugitive from a Chain Gang','Mervyn LeRoy','[\'Crime\', \' Drama\', \' Film-Noir\']',81.00,8.1,'2020-07-29 16:02:38.515255'),(320,'Back to the Future','Robert Zemeckis','[\'Adventure\', \' Family\', \' Sci-Fi\']',84.00,8.4,'2020-07-29 16:02:38.515255'),(321,'Deliverance','John Boorman','[\'Adventure\', \' Drama\', \' Thriller\']',79.00,7.9,'2020-07-29 16:02:38.515255'),(322,'Rebecca','Alfred Hitchcock','[\'Mystery\', \' Romance\', \' Thriller\']',84.00,8.4,'2020-07-29 16:02:38.515255'),(323,'The Scarecrow','Edward F. Cline','[\'Comedy\', \' Short\', \' Family\']',80.00,8.0,'2020-07-29 16:02:38.515255'),(324,'The Texas Chain Saw Massacre','Tobe Hooper','[\'Horror\', \' Mystery\', \' Thriller\']',75.00,7.5,'2020-07-29 16:02:38.515255'),(325,'The Bridge on the River Kwai','David Lean','[\'Adventure\', \' Drama\', \' War\']',84.00,8.4,'2020-07-29 16:02:38.515255'),(326,'Its a Wonderful Life','Frank Capra','[\'Drama\', \' Fantasy\', \' Romance\']',87.00,8.7,'2020-07-29 16:02:38.515255'),(327,'Sex, Lies, and Videotape','Steven Soderbergh','[\'Drama\']',71.00,7.1,'2020-07-29 16:02:38.515255'),(328,'Dirty Harry','Don Siegel','[\'Action\', \' Crime\', \' Thriller\']',79.00,7.9,'2020-07-29 16:02:38.515255'),(329,'My Fair Lady','George Cukor','[\'Drama\', \' Family\', \' Musical\', \' Romance\']',79.00,7.9,'2020-07-29 16:02:38.515255'),(330,'Dumbo','Samuel Armstrong','[\'Animation\', \' Family\', \' Musical\']',75.00,7.5,'2020-07-29 16:02:38.515255'),(331,'The Birds','Alfred Hitchcock','[\'Horror\', \' Romance\', \' Thriller\']',79.00,7.9,'2020-07-29 16:02:38.515255'),(332,'College','James W. Horne','[\'Comedy\', \' Drama\', \' Sport\']',72.00,7.2,'2020-07-29 16:02:38.515255'),(333,'Titanic','James Cameron','[\'Drama\', \' History\', \' Romance\']',74.00,7.4,'2020-07-29 16:02:38.515255'),(334,'Ben-Hur','William Wyler','[\'Action\', \' Adventure\', \' Drama\', \' History\', \' Romance\']',82.00,8.2,'2020-07-29 16:02:38.515255'),(335,'Pulp Fiction','Quentin Tarantino','[\'Crime\', \' Drama\']',90.00,9.0,'2020-07-29 16:02:38.515255'),(336,'Rear Window','Alfred Hitchcock','[\'Crime\', \' Mystery\', \' Romance\', \' Thriller\']',87.00,8.7,'2020-07-29 16:02:38.515255'),(337,'Aliens','James Cameron','[\'Action\', \' Sci-Fi\', \' Thriller\']',85.00,8.5,'2020-07-29 16:02:38.515255'),(338,'Algiers','John Cromwell','[\'Drama\', \' Mystery\', \' Romance\']',70.00,7.0,'2020-07-29 16:02:38.515255'),(339,'Greed','Erich von Stroheim','[\'Drama\']',81.00,8.1,'2020-07-29 16:02:38.515255'),(340,'The Silence of the Lambs','Jonathan Demme','[\'Crime\', \' Thriller\']',87.00,8.7,'2020-07-29 16:02:38.515255'),(341,'The Circus','Charles Chaplin','[\'Comedy\', \' Family\', \' Drama\', \' Romance\']',79.00,7.9,'2020-07-29 16:02:38.515255'),(342,'The X Files','Kim Manners','[\'Drama\', \' Mystery\', \' Sci-Fi\', \' Thriller\']',90.00,9.0,'2020-07-29 16:02:38.515255'),(343,'Terminator 2 : Judgment Day','James Cameron','[\'Action\', \' Sci-Fi\', \' Thriller\']',85.00,8.5,'2020-07-29 16:02:38.515255'),(344,'The Oprah Winfrey Show','Joseph C. Terry','[\'Talk-Show\']',60.00,6.0,'2020-07-29 16:02:38.515255'),(345,'The Graduate','Mike Nichols','[\'Comedy\', \' Drama\', \' Romance\']',82.00,8.2,'2020-07-29 16:02:38.515255'),(346,'The Bangville Police','Henry Lehrman','[\'Comedy\', \' Short\']',55.00,5.5,'2020-07-29 16:02:38.515255'),(347,'The Matrix','Andy Wachowski','[\'Action\', \' Adventure\', \' Sci-Fi\']',87.00,8.7,'2020-07-29 16:02:38.515255'),(348,'The Brady Bunch','Oscar Rudolph','[\'Comedy\', \' Family\']',70.00,7.0,'2020-07-29 16:02:38.515255'),(349,'Lawrence of Arabia','David Lean','[\'Adventure\', \' Biography\', \' Drama\', \' History\', \' War\']',85.00,8.5,'2020-07-29 16:02:38.515255'),(350,'A Nightmare on Elm Street','Wes Craven','[\'Horror\', \' Mystery\']',74.00,7.4,'2020-07-29 16:02:38.515255'),(351,'Pygmalion','George Schaefer','[\'Comedy\', \' Drama\']',78.00,7.8,'2020-07-29 16:02:38.515255'),(352,'North by Northwest','Alfred Hitchcock','[\'Adventure\', \' Drama\', \' Mystery\', \' Romance\', \' Thriller\']',86.00,8.6,'2020-07-29 16:02:38.515255'),(353,'The Sound of Music','Robert Wise','[\'Biography\', \' Drama\', \' Family\', \' Musical\']',79.00,7.9,'2020-07-29 16:02:38.515255'),(354,'Gilligans Island','Jack Arnold','[\'Comedy\', \' Family\']',78.00,7.8,'2020-07-29 16:02:38.515255'),(355,'Bambi','James Algar','[\'Animation\', \' Drama\', \' Family\']',76.00,7.6,'2020-07-29 16:02:38.515255'),(356,'West Side Story','Jerome Robbins','[\'Crime\', \' Drama\', \' Musical\', \' Romance\']',78.00,7.8,'2020-07-29 16:02:38.515255'),(357,'From Here to Eternity','Fred Zinnemann','[\'Drama\', \' Romance\', \' War\']',79.00,7.9,'2020-07-29 16:02:38.515255'),(358,'Halloween','John Carpenter','[\'Horror\', \' Thriller\']',79.00,7.9,'2020-07-29 16:02:38.515255'),(359,'I Love Lucy','William Asher','[\'Comedy\', \' Family\']',90.00,9.0,'2020-07-29 16:02:38.515255'),(360,'Mad Love','Karl Freund','[\'Romance\', \' Horror\']',74.00,7.4,'2020-07-29 16:02:38.515255'),(361,'Blade Runner','Ridley Scott','[\'Drama\', \' Sci-Fi\', \' Thriller\']',83.00,8.3,'2020-07-29 16:02:38.515255'),(362,'Mary Poppins','Robert Stevenson','[\'Comedy\', \' Family\', \' Fantasy\', \' Musical\']',77.00,7.7,'2020-07-29 16:02:38.515255'),(363,'Star Wars : Episode VI - Return of the Jedi','Richard Marquand','[\'Action\', \' Adventure\', \' Fantasy\', \' Sci-Fi\']',83.00,8.3,'2020-07-29 16:02:38.515255'),(364,'Close Encounters of the Third Kind','Steven Spielberg','[\'Drama\', \' Sci-Fi\']',78.00,7.8,'2020-07-29 16:02:38.515255'),(365,'Shichinin no samurai','Akira Kurosawa','[\'Adventure\', \' Drama\']',88.00,8.8,'2020-07-29 16:02:38.515255'),(366,'Bride of Frankenstein','James Whale','[\'Horror\', \' Sci-Fi\']',80.00,8.0,'2020-07-29 16:02:38.515255'),(367,'The Treasure of the Sierra Madre','John Huston','[\'Adventure\', \' Drama\', \' Western\', \' Action\']',85.00,8.5,'2020-07-29 16:02:38.515255'),(368,'5 Against the House','Phil Karlson','[\'Drama\', \' Crime\', \' Film-Noir\']',60.00,6.0,'2020-07-29 16:02:38.515255'),(369,'Kagemusha','Akira Kurosawa','[\'Drama\', \' History\', \' War\']',79.00,7.9,'2020-07-29 16:02:38.515255'),(370,'His Trust Fulfilled','D.W. Griffith','[\'Short\', \' Drama\']',47.00,4.7,'2020-07-29 16:02:38.515255'),(371,'His Trust','D.W. Griffith','[\'Short\', \' Drama\', \' War\']',53.00,5.3,'2020-07-29 16:02:38.515255'),(372,'Gojira','Ishirccab Honda','[\'Drama\', \' Horror\', \' Sci-Fi\', \' Thriller\']',73.00,7.3,'2020-07-29 16:02:38.515255'),(373,'Spartacus','Stanley Kubrick','[\'Action\', \' Adventure\', \' Biography\', \' Drama\', \' History\']',80.00,8.0,'2020-07-29 16:02:38.515255'),(374,'Dreams of the Rarebit Fiend : The Pet','Winsor McCay','[\'Animation\', \' Short\']',71.00,7.1,'2020-07-29 16:02:38.515255'),(375,'The Maltese Falcon','John Huston','[\'Crime\', \' Film-Noir\', \' Mystery\']',84.00,8.4,'2020-07-29 16:02:38.515255'),(376,'Planet of the Apes','Franklin J. Schaffner','[\'Adventure\', \' Mystery\', \' Sci-Fi\']',80.00,8.0,'2020-07-29 16:02:38.515255'),(377,'The Sea Hawk','Frank Lloyd','[\'Adventure\', \' Drama\', \' Romance\']',72.00,7.2,'2020-07-29 16:02:38.515255'),(378,'All Quiet on the Western Front','Lewis Milestone','[\'Action\', \' Drama\', \' History\', \' War\']',82.00,8.2,'2020-07-29 16:02:38.515255'),(379,'Der Golem, wie er in die Welt kam','Carl Boese','[\'Fantasy\', \' Horror\']',74.00,7.4,'2020-07-29 16:02:38.515255'),(380,'In Like Flint','Gordon Douglas','[\'Action\', \' Adventure\', \' Comedy\', \' Sci-Fi\']',59.00,5.9,'2020-07-29 16:02:38.515255'),(381,'The Bells of St. Marys','Leo McCarey','[\'Drama\', \' Family\']',74.00,7.4,'2020-07-29 16:02:38.515255'),(382,'Duel','Steven Spielberg','[\'Mystery\', \' Thriller\']',77.00,7.7,'2020-07-29 16:02:38.515255'),(383,'Stachka','Sergei M. Eisenstein','[\'Drama\']',78.00,7.8,'2020-07-29 16:02:38.515255'),(384,'Oklahoma!','Fred Zinnemann','[\'Musical\', \' Romance\', \' Western\']',71.00,7.1,'2020-07-29 16:02:38.515255'),(385,'At Land','Maya Deren','[\'Short\']',74.00,7.4,'2020-07-29 16:02:38.515255'),(386,'Jurassic Park','Steven Spielberg','[\'Action\', \' Adventure\', \' Family\', \' Sci-Fi\']',79.00,7.9,'2020-07-29 16:02:38.515255'),(387,'Stagecoach','John Ford','[\'Action\', \' Drama\', \' Romance\', \' Western\']',79.00,7.9,'2020-07-29 16:02:38.515255'),(388,'Paths of Glory','Stanley Kubrick','[\'Crime\', \' Drama\', \' War\']',86.00,8.6,'2020-07-29 16:02:38.515255'),(389,'Happy Days','Jerry Paris','[\'Comedy\', \' Family\', \' Music\']',77.00,7.7,'2020-07-29 16:02:38.515255'),(390,'Saturday Night Fever','John Badham','[\'Drama\', \' Music\', \' Romance\']',68.00,6.8,'2020-07-29 16:02:38.515255'),(391,'The Philadelphia Story','George Cukor','[\'Comedy\', \' Romance\']',81.00,8.1,'2020-07-29 16:02:38.515255'),(392,'8xe5','Federico Fellini','[\'Drama\', \' Fantasy\']',82.00,8.2,'2020-07-29 16:02:38.515255'),(393,'Doctor Who','Douglas Camfield','[\'Adventure\', \' Drama\', \' Sci-Fi\']',86.00,8.6,'2020-07-29 16:02:38.515255'),(394,'M','Fritz Lang','[\'Crime\', \' Thriller\']',86.00,8.6,'2020-07-29 16:02:38.515255'),(395,'Moby Dick','John Huston','[\'Adventure\', \' Drama\']',74.00,7.4,'2020-07-29 16:02:38.515255'),(396,'Carrie','Brian De Palma','[\'Horror\', \' Thriller\']',74.00,7.4,'2020-07-29 16:02:38.515255'),(397,'Rebel Without a Cause','Nicholas Ray','[\'Drama\', \' Romance\']',79.00,7.9,'2020-07-29 16:02:38.515255'),(398,'Superman','Richard Donner','[\'Action\', \' Adventure\', \' Family\', \' Sci-Fi\']',73.00,7.3,'2020-07-29 16:02:38.515255'),(399,'The Muppet Show','Peter Harris','[\'Comedy\', \' Family\', \' Music\']',88.00,8.8,'2020-07-29 16:02:38.515255'),(400,'Pinocchio','Norman Ferguson','[\'Animation\', \' Drama\', \' Family\', \' Fantasy\', \' Music\']',77.00,7.7,'2020-07-29 16:02:38.515255'),(401,'21-87','Arthur Lipsett','[\'Short\']',75.00,7.5,'2020-07-29 16:02:38.515255'),(402,'Scooby Doo, Where Are You!','Joseph Barbera','[\'Animation\', \' Family\', \' Mystery\', \' Comedy\', \' Adventure\']',81.00,8.1,'2020-07-29 16:02:38.515255'),(403,'Animal Farm','Joy Batchelor','[\'Animation\', \' Drama\']',71.00,7.1,'2020-07-29 16:02:38.515255'),(404,'Swing Your Lady','Ray Enright','[\'Comedy\', \' Music\', \' Romance\', \' Sport\']',48.00,4.8,'2020-07-29 16:02:38.515255'),(405,'Shane','George Stevens','[\'Drama\', \' Western\']',78.00,7.8,'2020-07-29 16:02:38.515255'),(406,'The Karate Kid','John G. Avildsen','[\'Drama\', \' Family\', \' Sport\']',69.00,6.9,'2020-07-29 16:02:38.515255'),(407,'Jeopardy!','Kevin McCarthy','[\'Game-Show\']',86.00,8.6,'2020-07-29 16:02:38.515255'),(408,'Leave It to Beaver','Norman Tokar','[\'Comedy\', \' Family\']',82.00,8.2,'2020-07-29 16:02:38.515255'),(409,'Bonnie and Clyde','Arthur Penn','[\'Biography\', \' Crime\', \' Drama\', \' Romance\']',80.00,8.0,'2020-07-29 16:02:38.515255'),(410,'One Flew Over the Cuckoos Nest','Milos Forman','[\'Drama\']',89.00,8.9,'2020-07-29 16:02:38.515255'),(411,'Saturday Night Live','Dave Wilson','[\'Comedy\', \' Music\']',81.00,8.1,'2020-07-29 16:02:38.515255'),(412,'Cera una volta il West','Sergio Leone','[\'Western\']',88.00,8.8,'2020-07-29 16:02:38.515255'),(413,'Sunrise : A Song of Two Humans','F.W. Murnau','[\'Drama\', \' Romance\']',84.00,8.4,'2020-07-29 16:02:38.515255'),(414,'The Lion King','Roger Allers','[\'Animation\', \' Adventure\', \' Drama\', \' Family\', \' Musical\']',82.00,8.2,'2020-07-29 16:02:38.515255'),(415,'Plane Crazy','Walt Disney','[\'Animation\', \' Family\', \' Comedy\', \' Short\']',75.00,7.5,'2020-07-29 16:02:38.515255'),(416,'60 Minutes','Rob Klug','[\'Documentary\', \' News\']',64.00,6.4,'2020-07-29 16:02:38.515255'),(417,'Lolita','Stanley Kubrick','[\'Drama\', \' Romance\']',77.00,7.7,'2020-07-29 16:02:38.515255'),(418,'Die Hard','John McTiernan','[\'Action\', \' Crime\', \' Thriller\']',83.00,8.3,'2020-07-29 16:02:38.515255'),(419,'Laura','Otto Preminger','[\'Crime\', \' Film-Noir\', \' Mystery\', \' Romance\', \' Thriller\']',82.00,8.2,'2020-07-29 16:02:38.515255'),(420,'Easy Rider','Dennis Hopper','[\'Crime\', \' Drama\']',73.00,7.3,'2020-07-29 16:02:38.515255'),(421,'Invasion of the Body Snatchers','Don Siegel','[\'Horror\', \' Sci-Fi\', \' Thriller\']',80.00,8.0,'2020-07-29 16:02:38.515255'),(422,'Lanncca9e derniccacre ccca Marienbad','Alain Resnais','[\'Drama\', \' Mystery\', \' Romance\']',78.00,7.8,'2020-07-29 16:02:38.515255'),(423,'Lady in a Cage','Walter Grauman','[\'Drama\', \' Thriller\']',68.00,6.8,'2020-07-29 16:02:38.515255'),(424,'The Evil Dead','Sam Raimi','[\'Horror\']',76.00,7.6,'2020-07-29 16:02:38.515255'),(425,'The Tonight Show Starring Johnny Carson','Bobby Quinn','[\'Comedy\', \' Music\', \' Talk-Show\']',83.00,8.3,'2020-07-29 16:02:38.515255'),(426,'Top Gun','Tony Scott','[\'Action\', \' Drama\', \' Romance\']',66.00,6.6,'2020-07-29 16:02:38.515255'),(427,'You Only Live Twice','Lewis Gilbert','[\'Action\', \' Adventure\', \' Sci-Fi\', \' Thriller\']',69.00,6.9,'2020-07-29 16:02:38.515255'),(428,'From Russia with Love','Terence Young','[\'Action\', \' Adventure\', \' Romance\', \' Thriller\']',75.00,7.5,'2020-07-29 16:02:38.515255'),(429,'The Lone Ranger','Hollingsworth Morse','[\'Adventure\', \' Western\', \' Family\']',81.00,8.1,'2020-07-29 16:02:38.515255'),(430,'Deep Throat','Gerard Damiano','[\'Adult\', \' Comedy\']',52.00,5.2,'2020-07-29 16:02:38.515255'),(431,'Shock Corridor','Samuel Fuller','[\'Drama\', \' Mystery\']',76.00,7.6,'2020-07-29 16:02:38.515255'),(432,'Enter the Dragon','Robert Clouse','[\'Action\', \' Crime\', \' Drama\', \' Thriller\']',76.00,7.6,'2020-07-29 16:02:38.515255'),(433,'The Magnificent Seven','John Sturges','[\'Western\', \' Adventure\', \' Drama\']',78.00,7.8,'2020-07-29 16:02:38.515255'),(434,'Underworld','Josef von Sternberg','[\'Crime\', \' Drama\']',77.00,7.7,'2020-07-29 16:02:38.515255'),(435,'She Wore a Yellow Ribbon','John Ford','[\'Western\']',73.00,7.3,'2020-07-29 16:02:38.515255'),(436,'Un dans la ville','Edouard Molinaro','[\'Drama\', \' Thriller\']',67.00,6.7,'2020-07-29 16:02:38.515255'),(437,'Batman','Tim Burton','[\'Crime\', \' Drama\', \' Thriller\']',76.00,7.6,'2020-07-29 16:02:38.515255'),(438,'Cinderella','Clyde Geronimi','[\'Animation\', \' Family\', \' Fantasy\', \' Musical\', \' Romance\']',74.00,7.4,'2020-07-29 16:02:38.515255'),(439,'Tarzans Magic Fountain','Lee Sholem','[\'Action\', \' Adventure\', \' Fantasy\', \' Romance\']',55.00,5.5,'2020-07-29 16:02:38.515255'),(440,'High Noon','Fred Zinnemann','[\'Drama\', \' Western\']',83.00,8.3,'2020-07-29 16:02:38.515255'),(441,'Triumph des Willens','Leni Riefenstahl','[\'Documentary\', \' War\']',77.00,7.7,'2020-07-29 16:02:38.515255'),(442,'Mr. Smith Goes to Washington','Frank Capra','[\'Drama\']',84.00,8.4,'2020-07-29 16:02:38.515255'),(443,'Grease','Randal Kleiser','[\'Musical\', \' Romance\']',70.00,7.0,'2020-07-29 16:02:38.515255'),(444,'Intolerance : Loves Struggle Throughout the Ages','D.W. Griffith','[\'Drama\', \' History\', \' Romance\']',81.00,8.1,'2020-07-29 16:02:38.515255'),(445,'Reservoir Dogs','Quentin Tarantino','[\'Crime\', \' Mystery\', \' Thriller\']',84.00,8.4,'2020-07-29 16:02:38.515255'),(446,'A Place in the Sun','George Stevens','[\'Drama\', \' Romance\']',78.00,7.8,'2020-07-29 16:02:38.515255'),(447,'The Third Man','Carol Reed','[\'Film-Noir\', \' Mystery\', \' Thriller\']',85.00,8.5,'2020-07-29 16:02:38.515255'),(448,'The Gold Rush','Charles Chaplin','[\'Adventure\', \' Comedy\', \' Family\', \' Romance\', \' Western\']',83.00,8.3,'2020-07-29 16:02:38.515255'),(449,'The Ten Commandments','Cecil B. DeMille','[\'Adventure\', \' Drama\', \' History\']',79.00,7.9,'2020-07-29 16:02:38.515255'),(450,'My Darling Clementine','John Ford','[\'Drama\', \' Western\']',79.00,7.9,'2020-07-29 16:02:38.515255'),(451,'Sunset Blvd.','Billy Wilder','[\'Drama\', \' Film-Noir\']',87.00,8.7,'2020-07-29 16:02:38.515255'),(452,'Friday the 13th','Sean S. Cunningham','[\'Horror\', \' Mystery\', \' Thriller\']',63.00,6.3,'2020-07-29 16:02:38.515255'),(453,'The Great Escape','John Sturges','[\'Adventure\', \' Drama\', \' History\', \' War\']',83.00,8.3,'2020-07-29 16:02:38.515255'),(454,'Play Misty for Me','Clint Eastwood','[\'Crime\', \' Drama\', \' Romance\', \' Thriller\']',70.00,7.0,'2020-07-29 16:02:38.515255'),(455,'Jerry Maguire','Cameron Crowe','[\'Comedy\', \' Drama\', \' Romance\', \' Sport\']',73.00,7.3,'2020-07-29 16:02:38.515255'),(456,'The Enforcer','Bretaigne Windust','[\'Drama\', \' Crime\', \' Film-Noir\']',73.00,7.3,'2020-07-29 16:02:38.515255'),(457,'Fantastic Voyage','Richard Fleischer','[\'Adventure\', \' Sci-Fi\']',68.00,6.8,'2020-07-29 16:02:38.515255'),(458,'Butch Cassidy and the Sundance Kid','George Roy Hill','[\'Adventure\', \' Crime\', \' Drama\', \' Western\']',82.00,8.2,'2020-07-29 16:02:38.515255'),(459,'The Andy Griffith Show','Bob Sweeney','[\'Comedy\', \' Family\']',86.00,8.6,'2020-07-29 16:02:38.515255'),(460,'The Blues Brothers','John Landis','[\'Action\', \' Comedy\', \' Music\', \' Musical\']',79.00,7.9,'2020-07-29 16:02:38.515255'),(461,'Forrest Gump','Robert Zemeckis','[\'Drama\', \' Romance\']',86.00,8.6,'2020-07-29 16:02:38.515255'),(462,'Some Like It Hot','Billy Wilder','[\'Comedy\']',84.00,8.4,'2020-07-29 16:02:38.515255'),(463,'American Idol : The Search for a Superstar','Bruce Gowers','[\'Game-Show\', \' Music\', \' Reality-TV\']',48.00,4.8,'2020-07-29 16:02:38.515255'),(464,'Fight Club','David Fincher','[\'Drama\', \' Mystery\', \' Thriller\']',88.00,8.8,'2020-07-29 16:02:38.515255'),(465,'Revenge of the Creature','Jack Arnold','[\'Horror\', \' Sci-Fi\']',51.00,5.1,'2020-07-29 16:02:38.515255'),(466,'Chinatown','Roman Polanski','[\'Drama\', \' Mystery\', \' Thriller\']',85.00,8.5,'2020-07-29 16:02:38.515255'),(467,'The Wild Bunch','Sam Peckinpah','[\'Action\', \' Western\']',81.00,8.1,'2020-07-29 16:02:38.515255'),(468,'The Lord of the Rings : The Fellowship of the Ring','Peter Jackson','[\'Action\', \' Adventure\', \' Fantasy\']',88.00,8.8,'2020-07-29 16:02:38.515255'),(469,'Mutiny on the Bounty','Frank Lloyd','[\'Adventure\', \' Drama\', \' History\']',79.00,7.9,'2020-07-29 16:02:38.515255'),(470,'El','Luis el','[\'Drama\', \' Romance\']',78.00,7.8,'2020-07-29 16:02:38.515255'),(471,'Full Metal Jacket','Stanley Kubrick','[\'Drama\', \' War\']',84.00,8.4,'2020-07-29 16:02:38.515255'),(472,'The Pride and the Passion','Stanley Kramer','[\'Action\', \' Adventure\', \' Drama\', \' Romance\', \' War\']',55.00,5.5,'2020-07-29 16:02:38.515255'),(473,'This Is Spinal Tap','Rob Reiner','[\'Comedy\', \' Music\']',80.00,8.0,'2020-07-29 16:02:38.515255'),(474,'Winchester 73','Anthony Mann','[\'Western\']',78.00,7.8,'2020-07-29 16:02:38.515255'),(475,'Star Trek : The Next Generation','Cliff Bole','[\'Action\', \' Adventure\', \' Sci-Fi\']',88.00,8.8,'2020-07-29 16:02:38.515255'),(476,'Kojak','Charles S. Dubin','[\'Crime\', \' Drama\', \' Mystery\']',73.00,7.3,'2020-07-29 16:02:38.515255'),(477,'Gryozy','Yevgeni Bauer','[\'Drama\', \' Short\']',74.00,7.4,'2020-07-29 16:02:38.515255'),(478,'Baywatch','Gregory J. Bonann','[\'Drama\', \' Action\', \' Adventure\']',49.00,4.9,'2020-07-29 16:02:38.515255'),(479,'Heavy Metal','Gerald Potterton','[\'Animation\', \' Action\', \' Adventure\', \' Comedy\', \' Crime\', \' Fantasy\', \' Horror\', \' Sci-Fi\']',64.00,6.4,'2020-07-29 16:02:38.515255'),(480,'The Day the Earth Stood Still','Robert Wise','[\'Drama\', \' Sci-Fi\', \' Thriller\']',80.00,8.0,'2020-07-29 16:02:38.515255'),(481,'Three Little Pigs','Burt Gillett','[\'Animation\', \' Musical\', \' Family\', \' Comedy\', \' Short\']',77.00,7.7,'2020-07-29 16:02:38.515255'),(482,'The Public Enemy','William A. Wellman','[\'Action\', \' Crime\', \' Drama\']',78.00,7.8,'2020-07-29 16:02:38.515255'),(483,'The Rocky Horror Picture Show','Jim Sharman','[\'Comedy\', \' Musical\']',71.00,7.1,'2020-07-29 16:02:38.515255'),(484,'Rain Man','Barry Levinson','[\'Drama\']',80.00,8.0,'2020-07-29 16:02:38.515255'),(485,'Latalante','Jean Vigo','[\'Drama\', \' Romance\']',80.00,8.0,'2020-07-29 16:02:38.515255'),(486,'Persona','Ingmar Bergman','[\'Drama\', \' Fantasy\']',82.00,8.2,'2020-07-29 16:02:38.515255'),(487,'Dawn of the Dead','George A. Romero','[\'Action\', \' Horror\']',80.00,8.0,'2020-07-29 16:02:38.515255'),(488,'Bonanza','William F. Claxton','[\'Action\', \' Comedy\', \' Drama\', \' Romance\', \' War\', \' Western\']',74.00,7.4,'2020-07-29 16:02:38.515255'),(489,'Fatal Attraction','Adrian Lyne','[\'Drama\', \' Thriller\']',68.00,6.8,'2020-07-29 16:02:38.515255'),(490,'It! The Terror from Beyond Space','Edward L. Cahn','[\'Horror\', \' Sci-Fi\']',60.00,6.0,'2020-07-29 16:02:38.515255'),(491,'Toast of the Town','John Moffitt','[\'Comedy\', \' Music\']',83.00,8.3,'2020-07-29 16:02:38.515255'),(492,'The French Connection','William Friedkin','[\'Action\', \' Crime\', \' Thriller\']',79.00,7.9,'2020-07-29 16:02:38.515255'),(493,'Peter Pan','Clyde Geronimi','[\'Animation\', \' Adventure\', \' Family\', \' Fantasy\', \' Music\']',73.00,7.3,'2020-07-29 16:02:38.515255'),(494,'Miami Vice','John Nicolella','[\'Action\', \' Crime\', \' Drama\', \' Thriller\']',78.00,7.8,'2020-07-29 16:02:38.515255'),(495,'Star Wars : Episode I - The Phantom Menace','George Lucas','[\'Action\', \' Adventure\', \' Fantasy\', \' Sci-Fi\']',64.00,6.4,'2020-07-29 16:02:38.515255'),(496,'Goodfellas','Martin Scorsese','[\'Crime\', \' Drama\', \' Thriller\']',88.00,8.8,'2020-07-29 16:02:38.515255'),(497,'The Egyptian','Michael Curtiz','[\'Drama\', \' History\']',62.00,6.2,'2020-07-29 16:02:38.515255'),(498,'Hawaii Five-O','Michael OHerlihy','[\'Crime\', \' Drama\', \' Mystery\']',76.00,7.6,'2020-07-29 16:02:38.515255'),(499,'Charlies Angels','Dennis Donnelly','[\'Action\', \' Adventure\', \' Crime\', \' Drama\', \' Mystery\']',66.00,6.6,'2020-07-29 16:02:38.515255'),(500,'Raju bana gentleman','Ravi kisan','[\'Apple\', \'ABC\', \'BCA\']',100.00,10.0,'2020-07-29 18:02:28.402385'),(501,'Ramu kaka','Rama ram','[\'Abc\', \' Abc1\', \' Abc2\']',100.00,10.0,'2020-07-30 13:47:56.868247'),(502,'The Wizard of Oz','Victor Fleming','[\'Adventure\', \' Family\', \' Fantasy\', \' Musical\']',83.00,8.3,'2020-07-30 13:59:23.850922'),(503,'Star Wars','George Lucas','[\'Action\', \' Adventure\', \' Fantasy\', \' Sci-Fi\']',88.00,8.8,'2020-07-30 13:59:23.850922'),(504,'Cabiria','Giovanni Pastrone','[\'Adventure\', \' Drama\', \' War\']',66.00,6.6,'2020-07-30 13:59:23.850922'),(505,'Psycho','Alfred Hitchcock','[\'Horror\', \' Mystery\', \' Thriller\']',87.00,8.7,'2020-07-30 13:59:23.850922'),(506,'King Kong','Merian C. Cooper','[\'Adventure\', \' Fantasy\', \' Horror\']',80.00,8.0,'2020-07-30 13:59:23.850922'),(507,'Metropolis','Fritz Lang','[\'Adventure\', \' Drama\', \' Sci-Fi\']',84.00,8.4,'2020-07-30 13:59:23.850922'),(508,'Star Trek','Marc Daniels','[\'Adventure\', \' Sci-Fi\']',86.00,8.6,'2020-07-30 13:59:23.850922'),(509,'Casablanca','Michael Curtiz','[\'Drama\', \' Romance\', \' War\']',88.00,8.8,'2020-07-30 13:59:23.850922'),(510,'Snow White and the Seven Dwarfs','William Cottrell','[\'Animation\', \' Family\', \' Fantasy\', \' Musical\', \' Romance\']',79.00,7.9,'2020-07-30 13:59:23.850922'),(511,'2001 : A Space Odyssey','Stanley Kubrick','[\'Adventure\', \' Mystery\', \' Sci-Fi\']',84.00,8.4,'2020-07-30 13:59:23.850922'),(512,'The Godfather','Francis Ford Coppola','[\'Crime\', \' Drama\']',92.00,9.2,'2020-07-30 13:59:23.850922'),(513,'The Birth of a Nation','D.W. Griffith','[\'Drama\', \' History\', \' Romance\', \' War\', \' Western\']',71.00,7.1,'2020-07-30 13:59:23.850922'),(514,'Shadow of a Doubt','Alfred Hitchcock','[\'Crime\', \' Film-Noir\', \' Mystery\', \' Thriller\']',81.00,8.1,'2020-07-30 13:59:23.850922'),(515,'Jaws','Steven Spielberg','[\'Thriller\']',83.00,8.3,'2020-07-30 13:59:23.850922'),(516,'Snow White','J. Searle Dawley','[\'Fantasy\', \' Romance\']',64.00,6.4,'2020-07-30 13:59:23.850922'),(517,'Apocalypse Now','Francis Ford Coppola','[\'Drama\', \' War\']',86.00,8.6,'2020-07-30 13:59:23.850922'),(518,'Gone with the Wind','Victor Fleming','[\'Drama\', \' Romance\', \' War\']',82.00,8.2,'2020-07-30 13:59:23.850922'),(519,'The Merry Widow','Ernst Lubitsch','[\'Musical\', \' Comedy\', \' Romance\']',76.00,7.6,'2020-07-30 13:59:23.850922'),(520,'The Searchers','John Ford','[\'Adventure\', \' Drama\', \' Western\']',81.00,8.1,'2020-07-30 13:59:23.850922'),(521,'Vertigo','Alfred Hitchcock','[\'Crime\', \' Mystery\', \' Romance\', \' Thriller\']',86.00,8.6,'2020-07-30 13:59:23.850922'),(522,'Dr. No','Terence Young','[\'Action\', \' Adventure\', \' Thriller\']',73.00,7.3,'2020-07-30 13:59:23.850922'),(523,'Touch of Evil','Orson Welles','[\'Crime\', \' Film-Noir\', \' Thriller\']',83.00,8.3,'2020-07-30 13:59:23.850922'),(524,'Chang : A Drama of the Wilderness','Merian C. Cooper','[\'Adventure\', \' Documentary\']',74.00,7.4,'2020-07-30 13:59:23.850922'),(525,'The Exorcist','William Friedkin','[\'Horror\']',81.00,8.1,'2020-07-30 13:59:23.850922'),(526,'Citizen Kane','Orson Welles','[\'Drama\', \' Mystery\']',86.00,8.6,'2020-07-30 13:59:23.850922'),(527,'The Terminator','James Cameron','[\'Action\', \' Sci-Fi\', \' Thriller\']',81.00,8.1,'2020-07-30 13:59:23.850922'),(528,'Rosemarys Baby','Roman Polanski','[\'Drama\', \' Horror\', \' Mystery\']',81.00,8.1,'2020-07-30 13:59:23.850922'),(529,'Bronenosets Potyomkin','Sergei M. Eisenstein','[\'Drama\', \' History\', \' War\']',81.00,8.1,'2020-07-30 13:59:23.850922'),(530,'Star Wars : Episode V - The Empire Strikes Back','Irvin Kershner','[\'Action\', \' Adventure\', \' Sci-Fi\']',88.00,8.8,'2020-07-30 13:59:23.850922'),(531,'The Lost World','Harry O. Hoyt','[\'Adventure\', \' Fantasy\', \' Horror\', \' Sci-Fi\', \' Thriller\']',71.00,7.1,'2020-07-30 13:59:23.850922'),(532,'A Clockwork Orange','Stanley Kubrick','[\'Crime\', \' Drama\', \' Sci-Fi\']',85.00,8.5,'2020-07-30 13:59:23.850922'),(533,'Frankenstein','James Whale','[\'Drama\', \' Horror\', \' Sci-Fi\']',80.00,8.0,'2020-07-30 13:59:23.850922'),(534,'Sesame Street','Lisa Simon','[\'Animation\', \' Comedy\', \' Family\', \' Fantasy\', \' Music\']',85.00,8.5,'2020-07-30 13:59:23.850922'),(535,'La grande illusion','Jean Renoir','[\'Drama\', \' War\']',82.00,8.2,'2020-07-30 13:59:23.850922'),(536,'Raiders of the Lost Ark','Steven Spielberg','[\'Action\', \' Adventure\']',87.00,8.7,'2020-07-30 13:59:23.850922'),(537,'Night of the Living Dead','George A. Romero','[\'Horror\', \' Mystery\']',80.00,8.0,'2020-07-30 13:59:23.850922'),(538,'The Wizard of Oz','Larry Semon','[\'Comedy\', \' Family\', \' Fantasy\', \' Adventure\']',53.00,5.3,'2020-07-30 13:59:23.850922'),(539,'THX 1138','George Lucas','[\'Drama\', \' Mystery\', \' Sci-Fi\', \' Thriller\']',68.00,6.8,'2020-07-30 13:59:23.850922'),(540,'E.T. : The Extra-Terrestrial','Steven Spielberg','[\'Adventure\', \' Drama\', \' Family\', \' Fantasy\', \' Sci-Fi\']',79.00,7.9,'2020-07-30 13:59:23.850922'),(541,'The Poor Little Rich Girl','Maurice Tourneur','[\'Comedy\', \' Drama\']',69.00,6.9,'2020-07-30 13:59:23.850922'),(542,'The Tin Man','James Parrott','[\'Short\', \' Adventure\', \' Comedy\']',46.00,4.6,'2020-07-30 13:59:23.850922'),(543,'Taxi Driver','Martin Scorsese','[\'Drama\', \' Thriller\']',86.00,8.6,'2020-07-30 13:59:23.850922'),(544,'Il buono, il brutto, il cattivo.','Sergio Leone','[\'Adventure\', \' Western\']',90.00,9.0,'2020-07-30 13:59:23.850922'),(545,'The Battle at Elderbush Gulch','D.W. Griffith','[\'Short\', \' Action\', \' Western\']',66.00,6.6,'2020-07-30 13:59:23.850922'),(546,'Singin in the Rain','Stanley Donen','[\'Comedy\', \' Musical\', \' Romance\']',84.00,8.4,'2020-07-30 13:59:23.850922'),(547,'On the Waterfront','Elia Kazan','[\'Crime\', \' Drama\', \' Romance\']',84.00,8.4,'2020-07-30 13:59:23.850922'),(548,'The General','Clyde Bruckman','[\'Comedy\', \' Romance\', \' War\', \' Action\']',84.00,8.4,'2020-07-30 13:59:23.850922'),(549,'Ghost Busters','Ivan Reitman','[\'Adventure\', \' Fantasy\', \' Mystery\']',78.00,7.8,'2020-07-30 13:59:23.850922'),(550,'Tarzan the Ape Man','W.S. Van Dyke','[\'Action\', \' Adventure\', \' Romance\']',71.00,7.1,'2020-07-30 13:59:23.850922'),(551,'His Majesty, the Scarecrow of Oz','L. Frank Baum','[\'Family\', \' Fantasy\', \' Adventure\', \' Comedy\']',60.00,6.0,'2020-07-30 13:59:23.850922'),(552,'The Twilight Zone','John Brahm','[\'Drama\', \' Fantasy\', \' Mystery\', \' Sci-Fi\', \' Thriller\']',95.00,9.5,'2020-07-30 13:59:23.850922'),(553,'The Great Train Robbery','Edwin S. Porter','[\'Short\', \' Western\']',75.00,7.5,'2020-07-30 13:59:23.850922'),(554,'Goldfinger','Guy Hamilton','[\'Action\', \' Adventure\', \' Thriller\']',79.00,7.9,'2020-07-30 13:59:23.850922'),(555,'La dolce vita','Federico Fellini','[\'Comedy\', \' Drama\']',81.00,8.1,'2020-07-30 13:59:23.850922'),(556,'Alien','Ridley Scott','[\'Adventure\', \' Horror\', \' Sci-Fi\', \' Thriller\']',85.00,8.5,'2020-07-30 13:59:23.850922'),(557,'Nosferatu, eine Symphonie des Grauens','F.W. Murnau','[\'Fantasy\', \' Horror\']',81.00,8.1,'2020-07-30 13:59:23.850922'),(558,'The Shining','Stanley Kubrick','[\'Horror\', \' Mystery\']',85.00,8.5,'2020-07-30 13:59:23.850922'),(559,'Dr. Strangelove or : How I Learned to Stop Worrying and Love the Bomb','Stanley Kubrick','[\'Comedy\', \' Drama\']',86.00,8.6,'2020-07-30 13:59:23.850922'),(560,'Scarface','Brian De Palma','[\'Crime\', \' Drama\', \' Thriller\']',82.00,8.2,'2020-07-30 13:59:23.850922'),(561,'Rocky','John G. Avildsen','[\'Drama\', \' Romance\', \' Sport\']',81.00,8.1,'2020-07-30 13:59:23.850922'),(562,'The Simpsons','Mark Kirkland','[\'Animation\', \' Comedy\']',90.00,9.0,'2020-07-30 13:59:23.850922'),(563,'Un chien andalou','Luis Bu1uel','[\'Short\', \' Fantasy\']',80.00,8.0,'2020-07-30 13:59:23.850922'),(564,'Dracula','Tod Browning','[\'Fantasy\', \' Horror\']',77.00,7.7,'2020-07-30 13:59:23.850922'),(565,'First Blood','Ted Kotcheff','[\'Action\', \' Adventure\', \' Drama\', \' Thriller\']',75.00,7.5,'2020-07-30 13:59:23.850922'),(566,'The Flintstones','Joseph Barbera','[\'Animation\', \' Family\', \' Comedy\']',80.00,8.0,'2020-07-30 13:59:23.850922'),(567,'Batman','Oscar Rudolph','[\'Action\', \' Adventure\', \' Comedy\', \' Crime\', \' Family\', \' Fantasy\', \' Mystery\', \' Sci-Fi\']',77.00,7.7,'2020-07-30 13:59:23.850922'),(568,'The Lost Patrol','John Ford','[\'Adventure\', \' War\']',70.00,7.0,'2020-07-30 13:59:23.850922'),(569,'I Am a Fugitive from a Chain Gang','Mervyn LeRoy','[\'Crime\', \' Drama\', \' Film-Noir\']',81.00,8.1,'2020-07-30 13:59:23.850922'),(570,'Back to the Future','Robert Zemeckis','[\'Adventure\', \' Family\', \' Sci-Fi\']',84.00,8.4,'2020-07-30 13:59:23.850922'),(571,'Deliverance','John Boorman','[\'Adventure\', \' Drama\', \' Thriller\']',79.00,7.9,'2020-07-30 13:59:23.850922'),(572,'Rebecca','Alfred Hitchcock','[\'Mystery\', \' Romance\', \' Thriller\']',84.00,8.4,'2020-07-30 13:59:23.850922'),(573,'The Scarecrow','Edward F. Cline','[\'Comedy\', \' Short\', \' Family\']',80.00,8.0,'2020-07-30 13:59:23.850922'),(574,'The Texas Chain Saw Massacre','Tobe Hooper','[\'Horror\', \' Mystery\', \' Thriller\']',75.00,7.5,'2020-07-30 13:59:23.850922'),(575,'The Bridge on the River Kwai','David Lean','[\'Adventure\', \' Drama\', \' War\']',84.00,8.4,'2020-07-30 13:59:23.850922'),(576,'Its a Wonderful Life','Frank Capra','[\'Drama\', \' Fantasy\', \' Romance\']',87.00,8.7,'2020-07-30 13:59:23.850922'),(577,'Sex, Lies, and Videotape','Steven Soderbergh','[\'Drama\']',71.00,7.1,'2020-07-30 13:59:23.850922'),(578,'Dirty Harry','Don Siegel','[\'Action\', \' Crime\', \' Thriller\']',79.00,7.9,'2020-07-30 13:59:23.850922'),(579,'My Fair Lady','George Cukor','[\'Drama\', \' Family\', \' Musical\', \' Romance\']',79.00,7.9,'2020-07-30 13:59:23.850922'),(580,'Dumbo','Samuel Armstrong','[\'Animation\', \' Family\', \' Musical\']',75.00,7.5,'2020-07-30 13:59:23.850922'),(581,'The Birds','Alfred Hitchcock','[\'Horror\', \' Romance\', \' Thriller\']',79.00,7.9,'2020-07-30 13:59:23.850922'),(582,'College','James W. Horne','[\'Comedy\', \' Drama\', \' Sport\']',72.00,7.2,'2020-07-30 13:59:23.850922'),(583,'Titanic','James Cameron','[\'Drama\', \' History\', \' Romance\']',74.00,7.4,'2020-07-30 13:59:23.850922'),(584,'Ben-Hur','William Wyler','[\'Action\', \' Adventure\', \' Drama\', \' History\', \' Romance\']',82.00,8.2,'2020-07-30 13:59:23.850922'),(585,'Pulp Fiction','Quentin Tarantino','[\'Crime\', \' Drama\']',90.00,9.0,'2020-07-30 13:59:23.850922'),(586,'Rear Window','Alfred Hitchcock','[\'Crime\', \' Mystery\', \' Romance\', \' Thriller\']',87.00,8.7,'2020-07-30 13:59:23.850922'),(587,'Aliens','James Cameron','[\'Action\', \' Sci-Fi\', \' Thriller\']',85.00,8.5,'2020-07-30 13:59:23.850922'),(588,'Algiers','John Cromwell','[\'Drama\', \' Mystery\', \' Romance\']',70.00,7.0,'2020-07-30 13:59:23.850922'),(589,'Greed','Erich von Stroheim','[\'Drama\']',81.00,8.1,'2020-07-30 13:59:23.850922'),(590,'The Silence of the Lambs','Jonathan Demme','[\'Crime\', \' Thriller\']',87.00,8.7,'2020-07-30 13:59:23.850922'),(591,'The Circus','Charles Chaplin','[\'Comedy\', \' Family\', \' Drama\', \' Romance\']',79.00,7.9,'2020-07-30 13:59:23.850922'),(592,'The X Files','Kim Manners','[\'Drama\', \' Mystery\', \' Sci-Fi\', \' Thriller\']',90.00,9.0,'2020-07-30 13:59:23.850922'),(593,'Terminator 2 : Judgment Day','James Cameron','[\'Action\', \' Sci-Fi\', \' Thriller\']',85.00,8.5,'2020-07-30 13:59:23.850922'),(594,'The Oprah Winfrey Show','Joseph C. Terry','[\'Talk-Show\']',60.00,6.0,'2020-07-30 13:59:23.850922'),(595,'The Graduate','Mike Nichols','[\'Comedy\', \' Drama\', \' Romance\']',82.00,8.2,'2020-07-30 13:59:23.850922'),(596,'The Bangville Police','Henry Lehrman','[\'Comedy\', \' Short\']',55.00,5.5,'2020-07-30 13:59:23.850922'),(597,'The Matrix','Andy Wachowski','[\'Action\', \' Adventure\', \' Sci-Fi\']',87.00,8.7,'2020-07-30 13:59:23.850922'),(598,'The Brady Bunch','Oscar Rudolph','[\'Comedy\', \' Family\']',70.00,7.0,'2020-07-30 13:59:23.850922'),(599,'Lawrence of Arabia','David Lean','[\'Adventure\', \' Biography\', \' Drama\', \' History\', \' War\']',85.00,8.5,'2020-07-30 13:59:23.850922'),(600,'A Nightmare on Elm Street','Wes Craven','[\'Horror\', \' Mystery\']',74.00,7.4,'2020-07-30 13:59:23.850922'),(601,'Pygmalion','George Schaefer','[\'Comedy\', \' Drama\']',78.00,7.8,'2020-07-30 13:59:23.850922'),(602,'North by Northwest','Alfred Hitchcock','[\'Adventure\', \' Drama\', \' Mystery\', \' Romance\', \' Thriller\']',86.00,8.6,'2020-07-30 13:59:23.850922'),(603,'The Sound of Music','Robert Wise','[\'Biography\', \' Drama\', \' Family\', \' Musical\']',79.00,7.9,'2020-07-30 13:59:23.850922'),(604,'Gilligans Island','Jack Arnold','[\'Comedy\', \' Family\']',78.00,7.8,'2020-07-30 13:59:23.850922'),(605,'Bambi','James Algar','[\'Animation\', \' Drama\', \' Family\']',76.00,7.6,'2020-07-30 13:59:23.850922'),(606,'West Side Story','Jerome Robbins','[\'Crime\', \' Drama\', \' Musical\', \' Romance\']',78.00,7.8,'2020-07-30 13:59:23.850922'),(607,'From Here to Eternity','Fred Zinnemann','[\'Drama\', \' Romance\', \' War\']',79.00,7.9,'2020-07-30 13:59:23.850922'),(608,'Halloween','John Carpenter','[\'Horror\', \' Thriller\']',79.00,7.9,'2020-07-30 13:59:23.850922'),(609,'I Love Lucy','William Asher','[\'Comedy\', \' Family\']',90.00,9.0,'2020-07-30 13:59:23.850922'),(610,'Mad Love','Karl Freund','[\'Romance\', \' Horror\']',74.00,7.4,'2020-07-30 13:59:23.850922'),(611,'Blade Runner','Ridley Scott','[\'Drama\', \' Sci-Fi\', \' Thriller\']',83.00,8.3,'2020-07-30 13:59:23.850922'),(612,'Mary Poppins','Robert Stevenson','[\'Comedy\', \' Family\', \' Fantasy\', \' Musical\']',77.00,7.7,'2020-07-30 13:59:23.850922'),(613,'Star Wars : Episode VI - Return of the Jedi','Richard Marquand','[\'Action\', \' Adventure\', \' Fantasy\', \' Sci-Fi\']',83.00,8.3,'2020-07-30 13:59:23.850922'),(614,'Close Encounters of the Third Kind','Steven Spielberg','[\'Drama\', \' Sci-Fi\']',78.00,7.8,'2020-07-30 13:59:23.850922'),(615,'Shichinin no samurai','Akira Kurosawa','[\'Adventure\', \' Drama\']',88.00,8.8,'2020-07-30 13:59:23.850922'),(616,'Bride of Frankenstein','James Whale','[\'Horror\', \' Sci-Fi\']',80.00,8.0,'2020-07-30 13:59:23.850922'),(617,'The Treasure of the Sierra Madre','John Huston','[\'Adventure\', \' Drama\', \' Western\', \' Action\']',85.00,8.5,'2020-07-30 13:59:23.850922'),(618,'5 Against the House','Phil Karlson','[\'Drama\', \' Crime\', \' Film-Noir\']',60.00,6.0,'2020-07-30 13:59:23.850922'),(619,'Kagemusha','Akira Kurosawa','[\'Drama\', \' History\', \' War\']',79.00,7.9,'2020-07-30 13:59:23.850922'),(620,'His Trust Fulfilled','D.W. Griffith','[\'Short\', \' Drama\']',47.00,4.7,'2020-07-30 13:59:23.850922'),(621,'His Trust','D.W. Griffith','[\'Short\', \' Drama\', \' War\']',53.00,5.3,'2020-07-30 13:59:23.850922'),(622,'Gojira','Ishirccab Honda','[\'Drama\', \' Horror\', \' Sci-Fi\', \' Thriller\']',73.00,7.3,'2020-07-30 13:59:23.850922'),(623,'Spartacus','Stanley Kubrick','[\'Action\', \' Adventure\', \' Biography\', \' Drama\', \' History\']',80.00,8.0,'2020-07-30 13:59:23.850922'),(624,'Dreams of the Rarebit Fiend : The Pet','Winsor McCay','[\'Animation\', \' Short\']',71.00,7.1,'2020-07-30 13:59:23.850922'),(625,'The Maltese Falcon','John Huston','[\'Crime\', \' Film-Noir\', \' Mystery\']',84.00,8.4,'2020-07-30 13:59:23.850922'),(626,'Planet of the Apes','Franklin J. Schaffner','[\'Adventure\', \' Mystery\', \' Sci-Fi\']',80.00,8.0,'2020-07-30 13:59:23.850922'),(627,'The Sea Hawk','Frank Lloyd','[\'Adventure\', \' Drama\', \' Romance\']',72.00,7.2,'2020-07-30 13:59:23.850922'),(628,'All Quiet on the Western Front','Lewis Milestone','[\'Action\', \' Drama\', \' History\', \' War\']',82.00,8.2,'2020-07-30 13:59:23.850922'),(629,'Der Golem, wie er in die Welt kam','Carl Boese','[\'Fantasy\', \' Horror\']',74.00,7.4,'2020-07-30 13:59:23.850922'),(630,'In Like Flint','Gordon Douglas','[\'Action\', \' Adventure\', \' Comedy\', \' Sci-Fi\']',59.00,5.9,'2020-07-30 13:59:23.850922'),(631,'The Bells of St. Marys','Leo McCarey','[\'Drama\', \' Family\']',74.00,7.4,'2020-07-30 13:59:23.850922'),(632,'Duel','Steven Spielberg','[\'Mystery\', \' Thriller\']',77.00,7.7,'2020-07-30 13:59:23.850922'),(633,'Stachka','Sergei M. Eisenstein','[\'Drama\']',78.00,7.8,'2020-07-30 13:59:23.850922'),(634,'Oklahoma!','Fred Zinnemann','[\'Musical\', \' Romance\', \' Western\']',71.00,7.1,'2020-07-30 13:59:23.850922'),(635,'At Land','Maya Deren','[\'Short\']',74.00,7.4,'2020-07-30 13:59:23.850922'),(636,'Jurassic Park','Steven Spielberg','[\'Action\', \' Adventure\', \' Family\', \' Sci-Fi\']',79.00,7.9,'2020-07-30 13:59:23.850922'),(637,'Stagecoach','John Ford','[\'Action\', \' Drama\', \' Romance\', \' Western\']',79.00,7.9,'2020-07-30 13:59:23.850922'),(638,'Paths of Glory','Stanley Kubrick','[\'Crime\', \' Drama\', \' War\']',86.00,8.6,'2020-07-30 13:59:23.850922'),(639,'Happy Days','Jerry Paris','[\'Comedy\', \' Family\', \' Music\']',77.00,7.7,'2020-07-30 13:59:23.850922'),(640,'Saturday Night Fever','John Badham','[\'Drama\', \' Music\', \' Romance\']',68.00,6.8,'2020-07-30 13:59:23.850922'),(641,'The Philadelphia Story','George Cukor','[\'Comedy\', \' Romance\']',81.00,8.1,'2020-07-30 13:59:23.850922'),(642,'8xe5','Federico Fellini','[\'Drama\', \' Fantasy\']',82.00,8.2,'2020-07-30 13:59:23.850922'),(643,'Doctor Who','Douglas Camfield','[\'Adventure\', \' Drama\', \' Sci-Fi\']',86.00,8.6,'2020-07-30 13:59:23.850922'),(644,'M','Fritz Lang','[\'Crime\', \' Thriller\']',86.00,8.6,'2020-07-30 13:59:23.850922'),(645,'Moby Dick','John Huston','[\'Adventure\', \' Drama\']',74.00,7.4,'2020-07-30 13:59:23.850922'),(646,'Carrie','Brian De Palma','[\'Horror\', \' Thriller\']',74.00,7.4,'2020-07-30 13:59:23.850922'),(647,'Rebel Without a Cause','Nicholas Ray','[\'Drama\', \' Romance\']',79.00,7.9,'2020-07-30 13:59:23.850922'),(648,'Superman','Richard Donner','[\'Action\', \' Adventure\', \' Family\', \' Sci-Fi\']',73.00,7.3,'2020-07-30 13:59:23.850922'),(649,'The Muppet Show','Peter Harris','[\'Comedy\', \' Family\', \' Music\']',88.00,8.8,'2020-07-30 13:59:23.850922'),(650,'Pinocchio','Norman Ferguson','[\'Animation\', \' Drama\', \' Family\', \' Fantasy\', \' Music\']',77.00,7.7,'2020-07-30 13:59:23.850922'),(651,'21-87','Arthur Lipsett','[\'Short\']',75.00,7.5,'2020-07-30 13:59:23.850922'),(652,'Scooby Doo, Where Are You!','Joseph Barbera','[\'Animation\', \' Family\', \' Mystery\', \' Comedy\', \' Adventure\']',81.00,8.1,'2020-07-30 13:59:23.850922'),(653,'Animal Farm','Joy Batchelor','[\'Animation\', \' Drama\']',71.00,7.1,'2020-07-30 13:59:23.850922'),(654,'Swing Your Lady','Ray Enright','[\'Comedy\', \' Music\', \' Romance\', \' Sport\']',48.00,4.8,'2020-07-30 13:59:23.850922'),(655,'Shane','George Stevens','[\'Drama\', \' Western\']',78.00,7.8,'2020-07-30 13:59:23.850922'),(656,'The Karate Kid','John G. Avildsen','[\'Drama\', \' Family\', \' Sport\']',69.00,6.9,'2020-07-30 13:59:23.850922'),(657,'Jeopardy!','Kevin McCarthy','[\'Game-Show\']',86.00,8.6,'2020-07-30 13:59:23.850922'),(658,'Leave It to Beaver','Norman Tokar','[\'Comedy\', \' Family\']',82.00,8.2,'2020-07-30 13:59:23.850922'),(659,'Bonnie and Clyde','Arthur Penn','[\'Biography\', \' Crime\', \' Drama\', \' Romance\']',80.00,8.0,'2020-07-30 13:59:23.850922'),(660,'One Flew Over the Cuckoos Nest','Milos Forman','[\'Drama\']',89.00,8.9,'2020-07-30 13:59:23.850922'),(661,'Saturday Night Live','Dave Wilson','[\'Comedy\', \' Music\']',81.00,8.1,'2020-07-30 13:59:23.850922'),(662,'Cera una volta il West','Sergio Leone','[\'Western\']',88.00,8.8,'2020-07-30 13:59:23.850922'),(663,'Sunrise : A Song of Two Humans','F.W. Murnau','[\'Drama\', \' Romance\']',84.00,8.4,'2020-07-30 13:59:23.850922'),(664,'The Lion King','Roger Allers','[\'Animation\', \' Adventure\', \' Drama\', \' Family\', \' Musical\']',82.00,8.2,'2020-07-30 13:59:23.850922'),(665,'Plane Crazy','Walt Disney','[\'Animation\', \' Family\', \' Comedy\', \' Short\']',75.00,7.5,'2020-07-30 13:59:23.850922'),(666,'60 Minutes','Rob Klug','[\'Documentary\', \' News\']',64.00,6.4,'2020-07-30 13:59:23.850922'),(667,'Lolita','Stanley Kubrick','[\'Drama\', \' Romance\']',77.00,7.7,'2020-07-30 13:59:23.850922'),(668,'Die Hard','John McTiernan','[\'Action\', \' Crime\', \' Thriller\']',83.00,8.3,'2020-07-30 13:59:23.850922'),(669,'Laura','Otto Preminger','[\'Crime\', \' Film-Noir\', \' Mystery\', \' Romance\', \' Thriller\']',82.00,8.2,'2020-07-30 13:59:23.850922'),(670,'Easy Rider','Dennis Hopper','[\'Crime\', \' Drama\']',73.00,7.3,'2020-07-30 13:59:23.850922'),(671,'Invasion of the Body Snatchers','Don Siegel','[\'Horror\', \' Sci-Fi\', \' Thriller\']',80.00,8.0,'2020-07-30 13:59:23.850922'),(672,'Lanncca9e derniccacre ccca Marienbad','Alain Resnais','[\'Drama\', \' Mystery\', \' Romance\']',78.00,7.8,'2020-07-30 13:59:23.850922'),(673,'Lady in a Cage','Walter Grauman','[\'Drama\', \' Thriller\']',68.00,6.8,'2020-07-30 13:59:23.850922'),(674,'The Evil Dead','Sam Raimi','[\'Horror\']',76.00,7.6,'2020-07-30 13:59:23.850922'),(675,'The Tonight Show Starring Johnny Carson','Bobby Quinn','[\'Comedy\', \' Music\', \' Talk-Show\']',83.00,8.3,'2020-07-30 13:59:23.850922'),(676,'Top Gun','Tony Scott','[\'Action\', \' Drama\', \' Romance\']',66.00,6.6,'2020-07-30 13:59:23.850922'),(677,'You Only Live Twice','Lewis Gilbert','[\'Action\', \' Adventure\', \' Sci-Fi\', \' Thriller\']',69.00,6.9,'2020-07-30 13:59:23.850922'),(678,'From Russia with Love','Terence Young','[\'Action\', \' Adventure\', \' Romance\', \' Thriller\']',75.00,7.5,'2020-07-30 13:59:23.850922'),(679,'The Lone Ranger','Hollingsworth Morse','[\'Adventure\', \' Western\', \' Family\']',81.00,8.1,'2020-07-30 13:59:23.850922'),(680,'Deep Throat','Gerard Damiano','[\'Adult\', \' Comedy\']',52.00,5.2,'2020-07-30 13:59:23.850922'),(681,'Shock Corridor','Samuel Fuller','[\'Drama\', \' Mystery\']',76.00,7.6,'2020-07-30 13:59:23.850922'),(682,'Enter the Dragon','Robert Clouse','[\'Action\', \' Crime\', \' Drama\', \' Thriller\']',76.00,7.6,'2020-07-30 13:59:23.850922'),(683,'The Magnificent Seven','John Sturges','[\'Western\', \' Adventure\', \' Drama\']',78.00,7.8,'2020-07-30 13:59:23.850922'),(684,'Underworld','Josef von Sternberg','[\'Crime\', \' Drama\']',77.00,7.7,'2020-07-30 13:59:23.850922'),(685,'She Wore a Yellow Ribbon','John Ford','[\'Western\']',73.00,7.3,'2020-07-30 13:59:23.850922'),(686,'Un dans la ville','Edouard Molinaro','[\'Drama\', \' Thriller\']',67.00,6.7,'2020-07-30 13:59:23.850922'),(687,'Batman','Tim Burton','[\'Crime\', \' Drama\', \' Thriller\']',76.00,7.6,'2020-07-30 13:59:23.850922'),(688,'Cinderella','Clyde Geronimi','[\'Animation\', \' Family\', \' Fantasy\', \' Musical\', \' Romance\']',74.00,7.4,'2020-07-30 13:59:23.850922'),(689,'Tarzans Magic Fountain','Lee Sholem','[\'Action\', \' Adventure\', \' Fantasy\', \' Romance\']',55.00,5.5,'2020-07-30 13:59:23.850922'),(690,'High Noon','Fred Zinnemann','[\'Drama\', \' Western\']',83.00,8.3,'2020-07-30 13:59:23.850922'),(691,'Triumph des Willens','Leni Riefenstahl','[\'Documentary\', \' War\']',77.00,7.7,'2020-07-30 13:59:23.850922'),(692,'Mr. Smith Goes to Washington','Frank Capra','[\'Drama\']',84.00,8.4,'2020-07-30 13:59:23.850922'),(693,'Grease','Randal Kleiser','[\'Musical\', \' Romance\']',70.00,7.0,'2020-07-30 13:59:23.850922'),(694,'Intolerance : Loves Struggle Throughout the Ages','D.W. Griffith','[\'Drama\', \' History\', \' Romance\']',81.00,8.1,'2020-07-30 13:59:23.850922'),(695,'Reservoir Dogs','Quentin Tarantino','[\'Crime\', \' Mystery\', \' Thriller\']',84.00,8.4,'2020-07-30 13:59:23.850922'),(696,'A Place in the Sun','George Stevens','[\'Drama\', \' Romance\']',78.00,7.8,'2020-07-30 13:59:23.850922'),(697,'The Third Man','Carol Reed','[\'Film-Noir\', \' Mystery\', \' Thriller\']',85.00,8.5,'2020-07-30 13:59:23.850922'),(698,'The Gold Rush','Charles Chaplin','[\'Adventure\', \' Comedy\', \' Family\', \' Romance\', \' Western\']',83.00,8.3,'2020-07-30 13:59:23.850922'),(699,'The Ten Commandments','Cecil B. DeMille','[\'Adventure\', \' Drama\', \' History\']',79.00,7.9,'2020-07-30 13:59:23.850922'),(700,'My Darling Clementine','John Ford','[\'Drama\', \' Western\']',79.00,7.9,'2020-07-30 13:59:23.850922'),(701,'Sunset Blvd.','Billy Wilder','[\'Drama\', \' Film-Noir\']',87.00,8.7,'2020-07-30 13:59:23.850922'),(702,'Friday the 13th','Sean S. Cunningham','[\'Horror\', \' Mystery\', \' Thriller\']',63.00,6.3,'2020-07-30 13:59:23.850922'),(703,'The Great Escape','John Sturges','[\'Adventure\', \' Drama\', \' History\', \' War\']',83.00,8.3,'2020-07-30 13:59:23.850922'),(704,'Play Misty for Me','Clint Eastwood','[\'Crime\', \' Drama\', \' Romance\', \' Thriller\']',70.00,7.0,'2020-07-30 13:59:23.850922'),(705,'Jerry Maguire','Cameron Crowe','[\'Comedy\', \' Drama\', \' Romance\', \' Sport\']',73.00,7.3,'2020-07-30 13:59:23.850922'),(706,'The Enforcer','Bretaigne Windust','[\'Drama\', \' Crime\', \' Film-Noir\']',73.00,7.3,'2020-07-30 13:59:23.850922'),(707,'Fantastic Voyage','Richard Fleischer','[\'Adventure\', \' Sci-Fi\']',68.00,6.8,'2020-07-30 13:59:23.850922'),(708,'Butch Cassidy and the Sundance Kid','George Roy Hill','[\'Adventure\', \' Crime\', \' Drama\', \' Western\']',82.00,8.2,'2020-07-30 13:59:23.850922'),(709,'The Andy Griffith Show','Bob Sweeney','[\'Comedy\', \' Family\']',86.00,8.6,'2020-07-30 13:59:23.850922'),(710,'The Blues Brothers','John Landis','[\'Action\', \' Comedy\', \' Music\', \' Musical\']',79.00,7.9,'2020-07-30 13:59:23.850922'),(711,'Forrest Gump','Robert Zemeckis','[\'Drama\', \' Romance\']',86.00,8.6,'2020-07-30 13:59:23.850922'),(712,'Some Like It Hot','Billy Wilder','[\'Comedy\']',84.00,8.4,'2020-07-30 13:59:23.850922'),(713,'American Idol : The Search for a Superstar','Bruce Gowers','[\'Game-Show\', \' Music\', \' Reality-TV\']',48.00,4.8,'2020-07-30 13:59:23.850922'),(714,'Fight Club','David Fincher','[\'Drama\', \' Mystery\', \' Thriller\']',88.00,8.8,'2020-07-30 13:59:23.850922'),(715,'Revenge of the Creature','Jack Arnold','[\'Horror\', \' Sci-Fi\']',51.00,5.1,'2020-07-30 13:59:23.850922'),(716,'Chinatown','Roman Polanski','[\'Drama\', \' Mystery\', \' Thriller\']',85.00,8.5,'2020-07-30 13:59:23.850922'),(717,'The Wild Bunch','Sam Peckinpah','[\'Action\', \' Western\']',81.00,8.1,'2020-07-30 13:59:23.850922'),(718,'The Lord of the Rings : The Fellowship of the Ring','Peter Jackson','[\'Action\', \' Adventure\', \' Fantasy\']',88.00,8.8,'2020-07-30 13:59:23.850922'),(719,'Mutiny on the Bounty','Frank Lloyd','[\'Adventure\', \' Drama\', \' History\']',79.00,7.9,'2020-07-30 13:59:23.850922'),(720,'El','Luis el','[\'Drama\', \' Romance\']',78.00,7.8,'2020-07-30 13:59:23.850922'),(721,'Full Metal Jacket','Stanley Kubrick','[\'Drama\', \' War\']',84.00,8.4,'2020-07-30 13:59:23.850922'),(722,'The Pride and the Passion','Stanley Kramer','[\'Action\', \' Adventure\', \' Drama\', \' Romance\', \' War\']',55.00,5.5,'2020-07-30 13:59:23.850922'),(723,'This Is Spinal Tap','Rob Reiner','[\'Comedy\', \' Music\']',80.00,8.0,'2020-07-30 13:59:23.850922'),(724,'Winchester 73','Anthony Mann','[\'Western\']',78.00,7.8,'2020-07-30 13:59:23.850922'),(725,'Star Trek : The Next Generation','Cliff Bole','[\'Action\', \' Adventure\', \' Sci-Fi\']',88.00,8.8,'2020-07-30 13:59:23.850922'),(726,'Kojak','Charles S. Dubin','[\'Crime\', \' Drama\', \' Mystery\']',73.00,7.3,'2020-07-30 13:59:23.850922'),(727,'Gryozy','Yevgeni Bauer','[\'Drama\', \' Short\']',74.00,7.4,'2020-07-30 13:59:23.850922'),(728,'Baywatch','Gregory J. Bonann','[\'Drama\', \' Action\', \' Adventure\']',49.00,4.9,'2020-07-30 13:59:23.850922'),(729,'Heavy Metal','Gerald Potterton','[\'Animation\', \' Action\', \' Adventure\', \' Comedy\', \' Crime\', \' Fantasy\', \' Horror\', \' Sci-Fi\']',64.00,6.4,'2020-07-30 13:59:23.850922'),(730,'The Day the Earth Stood Still','Robert Wise','[\'Drama\', \' Sci-Fi\', \' Thriller\']',80.00,8.0,'2020-07-30 13:59:23.850922'),(731,'Three Little Pigs','Burt Gillett','[\'Animation\', \' Musical\', \' Family\', \' Comedy\', \' Short\']',77.00,7.7,'2020-07-30 13:59:23.850922'),(732,'The Public Enemy','William A. Wellman','[\'Action\', \' Crime\', \' Drama\']',78.00,7.8,'2020-07-30 13:59:23.850922'),(733,'The Rocky Horror Picture Show','Jim Sharman','[\'Comedy\', \' Musical\']',71.00,7.1,'2020-07-30 13:59:23.850922'),(734,'Rain Man','Barry Levinson','[\'Drama\']',80.00,8.0,'2020-07-30 13:59:23.850922'),(735,'Latalante','Jean Vigo','[\'Drama\', \' Romance\']',80.00,8.0,'2020-07-30 13:59:23.850922'),(736,'Persona','Ingmar Bergman','[\'Drama\', \' Fantasy\']',82.00,8.2,'2020-07-30 13:59:23.850922'),(737,'Dawn of the Dead','George A. Romero','[\'Action\', \' Horror\']',80.00,8.0,'2020-07-30 13:59:23.850922'),(738,'Bonanza','William F. Claxton','[\'Action\', \' Comedy\', \' Drama\', \' Romance\', \' War\', \' Western\']',74.00,7.4,'2020-07-30 13:59:23.850922'),(739,'Fatal Attraction','Adrian Lyne','[\'Drama\', \' Thriller\']',68.00,6.8,'2020-07-30 13:59:23.850922'),(740,'It! The Terror from Beyond Space','Edward L. Cahn','[\'Horror\', \' Sci-Fi\']',60.00,6.0,'2020-07-30 13:59:23.850922'),(741,'Toast of the Town','John Moffitt','[\'Comedy\', \' Music\']',83.00,8.3,'2020-07-30 13:59:23.850922'),(742,'The French Connection','William Friedkin','[\'Action\', \' Crime\', \' Thriller\']',79.00,7.9,'2020-07-30 13:59:23.850922'),(743,'Peter Pan','Clyde Geronimi','[\'Animation\', \' Adventure\', \' Family\', \' Fantasy\', \' Music\']',73.00,7.3,'2020-07-30 13:59:23.850922'),(744,'Miami Vice','John Nicolella','[\'Action\', \' Crime\', \' Drama\', \' Thriller\']',78.00,7.8,'2020-07-30 13:59:23.850922'),(745,'Star Wars : Episode I - The Phantom Menace','George Lucas','[\'Action\', \' Adventure\', \' Fantasy\', \' Sci-Fi\']',64.00,6.4,'2020-07-30 13:59:23.850922'),(746,'Goodfellas','Martin Scorsese','[\'Crime\', \' Drama\', \' Thriller\']',88.00,8.8,'2020-07-30 13:59:23.850922'),(747,'The Egyptian','Michael Curtiz','[\'Drama\', \' History\']',62.00,6.2,'2020-07-30 13:59:23.850922'),(748,'Hawaii Five-O','Michael OHerlihy','[\'Crime\', \' Drama\', \' Mystery\']',76.00,7.6,'2020-07-30 13:59:23.850922'),(749,'Charlies Angels','Dennis Donnelly','[\'Action\', \' Adventure\', \' Crime\', \' Drama\', \' Mystery\']',66.00,6.6,'2020-07-30 13:59:23.850922');
/*!40000 ALTER TABLE `project_moviemaster` ENABLE KEYS */;
UNLOCK TABLES;

--
-- Table structure for table `project_sessionmaster`
--

DROP TABLE IF EXISTS `project_sessionmaster`;
/*!40101 SET @saved_cs_client     = @@character_set_client */;
/*!50503 SET character_set_client = utf8mb4 */;
CREATE TABLE `project_sessionmaster` (
  `sessionId` int NOT NULL AUTO_INCREMENT,
  `basicAuthenticate` varchar(128) NOT NULL,
  `sessionInfo` varchar(128) NOT NULL,
  `createdOn` datetime(6) NOT NULL,
  `typeId` int NOT NULL,
  `userType` varchar(255) NOT NULL,
  `isActive` tinyint(1) NOT NULL,
  `userId_id` int NOT NULL,
  PRIMARY KEY (`sessionId`),
  UNIQUE KEY `basicAuthenticate` (`basicAuthenticate`),
  UNIQUE KEY `sessionInfo` (`sessionInfo`),
  KEY `project_sessionmaste_userId_id_b84f8c17_fk_project_l` (`userId_id`),
  CONSTRAINT `project_sessionmaste_userId_id_b84f8c17_fk_project_l` FOREIGN KEY (`userId_id`) REFERENCES `project_loginmaster` (`userId`)
) ENGINE=InnoDB AUTO_INCREMENT=45 DEFAULT CHARSET=utf8mb4 COLLATE=utf8mb4_0900_ai_ci;
/*!40101 SET character_set_client = @saved_cs_client */;

--
-- Dumping data for table `project_sessionmaster`
--

LOCK TABLES `project_sessionmaster` WRITE;
/*!40000 ALTER TABLE `project_sessionmaster` DISABLE KEYS */;
INSERT INTO `project_sessionmaster` VALUES (1,'830dcb318f5e48749a6a9e48ed8125c1','c32cfe0be61f44499a28ef9ba5a643cd','2020-07-28 00:00:00.000000',1,'ADM',1,1),(2,'0082cfcac7724dd4b50a02c0f17a8b1c','dbbe2dee85e24d83b4d526cb208d02a7','2020-07-28 00:00:00.000000',1,'ADM',1,1),(3,'913fd783903d4643ba6320d52b416aaf','560e4ad3e60b421eb1d21d07ec3514ea','2020-07-28 15:47:27.009854',1,'ADM',1,1),(4,'3825a2e6a52243db88510deef72b976a','25dc809ecb944c7e8071cbd857e38e09','2020-07-28 15:48:42.692954',1,'ADM',1,1),(5,'5b940d6b8292417ea77d0f6140cfbcc0','1f739640d91c4ea6a626df2a2a92c6ce','2020-07-28 15:48:54.268098',1,'ADM',1,1),(6,'cbf0149fc8ae4ae7807880dadde0fa28','b4562e5081de4728a583f4e57eb3b43e','2020-07-28 15:50:47.506910',1,'ADM',1,1),(7,'7a43a3d341514c1090bb178397685c15','6af21202b43a4fecaffb8739e0009afb','2020-07-28 15:53:15.761674',1,'ADM',1,1),(8,'129f04967649452da51579c11e2392d3','bd25e52e706b4c3194559c4652bf233d','2020-07-28 15:53:21.121745',1,'ADM',1,1),(9,'6f6b39b9b76b4ad7bd06e7af98746d99','2dc54eeba133463c96d976b2b42818a1','2020-07-28 22:43:46.382428',1,'ADM',1,1),(10,'f2c74275e16a4449adcb2aa72011ca67','71dcbabb8e6b48abbfe8ca6307d7c025','2020-07-28 17:13:53.743335',1,'ADM',1,1),(11,'d03b83fcc01547c4893fcd07e63f7e2e','23fa0d27fdc34c4da982eb0161d46588','2020-07-29 01:33:04.604185',1,'ADM',0,1),(12,'b1ef3a785c944ea7b501cf1c6bdefc98','6305153eee5c481e9554845662f62d2c','2020-07-29 02:02:17.993935',3,'CLIENT',1,10),(13,'900702193a814a5f9c6b95c71939071d','c717114858e04eedb0d2ad35481f5029','2020-07-29 11:33:38.412366',1,'ADM',1,1),(14,'45084166aee5483e8b060161262b7904','912909fb93be4db4b05a06b31e8e8f9f','2020-07-29 12:12:42.756166',1,'ADM',1,1),(15,'fc966fd9e47a4726a8dfe3150c06442c','830fa42b095a4178920594b86ad9836b','2020-07-29 17:03:31.345120',4,'CLIENT',1,11),(16,'1c88666dde1440b6b8cf119793a9a77b','7fc73c91241844f6939937d9acf6eeae','2020-07-29 17:57:07.219374',5,'CLIENT',1,12),(17,'350595e20e2444d79fc660d35b526e25','963d8809ab36486ea123510a5e4dc836','2020-07-30 00:12:43.324482',5,'CLIENT',1,12),(18,'4ddd892f50244dae8aa77222794b9daf','ee5e88f95254410584a0fdc3598ecf1a','2020-07-30 00:12:54.174329',5,'CLIENT',1,12),(19,'55875e6c0010436fad8e5987f0ba0f0d','26def69e29214024abedf051392f6e2d','2020-07-30 00:22:52.095198',5,'CLIENT',1,12),(20,'c34cf1b26e284d65ac0d06637813f0c6','f5214334b5624cf9afdd2b088b26e119','2020-07-30 00:45:22.319687',5,'CLIENT',1,12),(21,'0826bc4a46204365954cba9688b6a830','c517a860e92842b398942748c50734c6','2020-07-30 01:02:14.907813',5,'CLIENT',1,12),(22,'3f9d4e0e7bd7402eb0e2a624bc564c15','025001da07604c4396f4a645426720a9','2020-07-30 04:55:43.023221',5,'CLIENT',1,12),(23,'59cab5cdbd6442fea4d2189a8480fe71','2f4c1661ea7544429c62fc045c2964c7','2020-07-30 04:58:15.188719',5,'CLIENT',1,12),(24,'63d1c6b1648143da8237202720be2c28','a2979fcf85fd4d488619bf37726c8b90','2020-07-30 05:00:31.931158',5,'CLIENT',0,12),(25,'236bda850ead4be2b0946f6fa4ec74bf','689b1c1654b14841be447e54f1390a91','2020-07-30 05:22:24.872429',5,'CLIENT',0,12),(26,'2b0ab54f84134fea97df39e05439c220','03f91b857f9548c4b8e2d45beca31da0','2020-07-30 05:22:51.419182',5,'CLIENT',0,12),(27,'9ce91a0c27594eb987b33ba668e3a389','9b07e6dbdb0441e4ac115a243c8839d0','2020-07-30 05:25:09.348657',5,'CLIENT',0,12),(28,'b68176698c6d46f69ebd0f90a5f9632d','71793d5960364ffbb903ef8b9974447f','2020-07-30 05:25:54.979563',5,'CLIENT',0,12),(29,'6e7e6a292a894a818de4d1f1343bc239','7bb2e08bc6074e5ab151d112629c257f','2020-07-30 05:30:02.935606',5,'CLIENT',0,12),(30,'eec80a5563d14c20aeec9371f12457fe','56693938aa8140a4847ce9168ab502d0','2020-07-30 05:32:15.820783',5,'CLIENT',0,12),(31,'71586552870a4dd598f41283d11e4508','a9bfa81327e04b169ce7a624c8922982','2020-07-30 05:33:07.112278',5,'CLIENT',0,12),(32,'f034eefa236249d497121c0bfa16946b','31e3a1db49ab4bc794c784ad4db0a142','2020-07-30 05:34:42.348673',5,'CLIENT',0,12),(33,'db28a683f42942179e1cc56045b3afe0','376fab9fb23844c4ad6e34485c9097e4','2020-07-30 05:35:46.883266',5,'CLIENT',0,12),(34,'21355525f3ae419098fac3529d0d0dab','4edbb7eccd734fd59b3979c21f8e4f03','2020-07-30 05:36:37.132328',5,'CLIENT',0,12),(35,'7dcefacda04745f0a788c2e0c8335471','1ae00c922a3d4bbebc1edbeed61c4e9c','2020-07-30 05:37:59.422078',5,'CLIENT',0,12),(36,'fd8775002bcc4064a11f1ea6ef649ec4','11d73ca28645401c86367838a8655a40','2020-07-30 05:38:33.397540',5,'CLIENT',0,12),(37,'16a3c2aca9744b64b4ac9a9189845604','421bc3fdb12e4ac3a193d149f95029ef','2020-07-30 05:39:02.868951',5,'CLIENT',0,12),(38,'598ba7c68e69410baa9c6028fc5ccb22','8fc7d9c73652469ab10246e489518c26','2020-07-30 05:40:21.530251',5,'CLIENT',0,12),(39,'51b75356fab0442286053807bbf38dd8','663d84ba2558419784c4f34fa3de0852','2020-07-30 06:11:57.213894',5,'CLIENT',1,12),(40,'9e96bbc0d33844fb8c5ca0b39b44f39c','fe27cead595e4411a5c2f95df9f53b3d','2020-07-30 06:18:02.327141',5,'CLIENT',0,12),(41,'a567c17828bc447c8456ad9d8365e74f','1e1e22d133f441bca9e2602eb8f6bebd','2020-07-30 06:45:48.210577',6,'CLIENT',0,13),(42,'64654942b871421591ac881fbcefadc7','ca39c70885f04e579af6448c0d0a6dbf','2020-07-30 12:14:54.508117',1,'ADM',0,1),(43,'b895b5f615c040dfa9894566d184a581','42c73719f47f40bfaed962242756d005','2020-07-30 12:22:34.020139',1,'ADM',1,1),(44,'c247192863474c9c9827cc9c3644a3a0','1010f54ab39849108fcd38fef6d895fe','2020-07-30 12:23:12.896779',1,'ADM',1,1);
/*!40000 ALTER TABLE `project_sessionmaster` ENABLE KEYS */;
UNLOCK TABLES;
/*!40103 SET TIME_ZONE=@OLD_TIME_ZONE */;

/*!40101 SET SQL_MODE=@OLD_SQL_MODE */;
/*!40014 SET FOREIGN_KEY_CHECKS=@OLD_FOREIGN_KEY_CHECKS */;
/*!40014 SET UNIQUE_CHECKS=@OLD_UNIQUE_CHECKS */;
/*!40101 SET CHARACTER_SET_CLIENT=@OLD_CHARACTER_SET_CLIENT */;
/*!40101 SET CHARACTER_SET_RESULTS=@OLD_CHARACTER_SET_RESULTS */;
/*!40101 SET COLLATION_CONNECTION=@OLD_COLLATION_CONNECTION */;
/*!40111 SET SQL_NOTES=@OLD_SQL_NOTES */;

-- Dump completed on 2020-07-30 14:26:30
